source,target,num_edges,timestamp
1872,306,23555,1447819136.577090
3900,4869,23554,1447819144.369571
2004,6378,23553,1447819153.215510
3870,2557,23552,1447819162.257213
6536,5540,23551,1447819170.994456
7316,3900,23550,1447819178.812809
5985,450,23549,1447819187.052882
2163,844,23548,1447819196.853618
912,450,23547,1447819205.731703
6971,3680,23546,1447819214.389350
4175,2515,23545,1447819223.550183
6413,3618,23544,1447819232.834248
3010,668,23543,1447819241.815803
5815,3621,23542,1447819250.363766
6748,6692,23541,1447819260.148088
5985,3870,23540,1447819268.003335
6971,2557,23539,1447819276.939239
3940,394,23538,1447819285.962514
5302,869,23537,1447819294.506185
5880,5114,23536,1447819303.451339
5114,2653,23535,1447819312.488774
5114,5881,23534,1447819321.096917
4447,1087,23533,1447819329.496528
6949,3619,23532,1447819338.202119
841,101,23531,1447819347.309069
6908,6955,23530,1447819356.472725
841,843,23529,1447819364.883131
6413,844,23528,1447819373.535698
2163,843,23527,1447819382.516025
6651,6908,23526,1447819391.274674
6948,6413,23525,1447819400.079929
307,137,23524,1447819408.465381
2132,3621,23523,1447819416.896271
2132,668,23522,1447819425.757474
6688,953,23521,1447819434.018742
4716,953,23520,1447819440.218820
5300,565,23519,1447819450.101733
6017,3680,23518,1447819457.696752
5565,1037,23517,1447819463.899710
1918,629,23516,1447819471.519644
5295,3870,23515,1447819479.440943
3890,843,23514,1447819487.506816
3120,2484,23513,1447819494.494978
6825,4000,23512,1447819502.628703
3105,5331,23511,1447819509.549466
5879,2653,23510,1447819517.404554
4956,1099,23509,1447819526.292835
2484,813,23508,1447819534.795584
1622,5144,23507,1447819542.068472
2612,6411,23506,1447819549.274403
6016,1326,23505,1447819557.383874
5331,4314,23504,1447819566.523072
6369,1997,23503,1447819574.868981
6947,3619,23502,1447819583.427571
7202,2472,23501,1447819592.368665
6590,5541,23500,1447819601.026465
1642,768,23499,1447819610.608785
5055,4631,23498,1447819618.797815
6745,4516,23497,1447819627.400342
5125,1253,23496,1447819636.025919
6751,900,23495,1447819644.710206
956,6301,23494,1447819653.373495
7164,5055,23493,1447819662.484892
6066,4356,23492,1447819672.347579
5565,2907,23491,1447819679.903173
2133,812,23490,1447819689.486182
3983,565,23489,1447819698.580220
4468,1065,23488,1447819706.793421
6692,902,23487,1447819714.050199
4175,3551,23486,1447819720.631243
4176,4175,23485,1447819727.719427
3983,2133,23484,1447819736.568671
2557,2133,23483,1447819744.646329
133,5341,23482,1447819752.949504
6798,5341,23481,1447819760.836401
5124,2673,23480,1447819770.781961
6054,2048,23479,1447819779.941021
4517,7164,23478,1447819788.705319
5552,1622,23477,1447819798.197730
7072,7071,23476,1447819806.528693
2579,1471,23475,1447819815.207049
3609,1982,23474,1447819824.435006
3609,2151,23473,1447819833.254864
1474,1471,23472,1447819841.881403
6296,952,23471,1447819849.888996
1065,1013,23470,1447819858.457142
4716,4168,23469,1447819865.844677
5656,5137,23468,1447819874.066035
417,5656,23467,1447819882.712196
5137,512,23466,1447819890.600891
6254,920,23465,1447819898.850144
5560,1905,23464,1447819906.746962
5818,5733,23463,1447819914.761509
5880,1905,23462,1447819922.280352
5295,5733,23461,1447819930.164998
6894,589,23460,1447819938.314120
7188,5133,23459,1447819947.618815
7306,1325,23458,1447819954.833117
5657,1877,23457,1447819961.509245
1495,990,23456,1447819968.959167
4957,535,23455,1447819978.781368
1493,502,23454,1447819989.894193
6908,563,23453,1447819997.566385
3620,392,23452,1447820004.902761
6527,4818,23451,1447820012.243911
392,563,23450,1447820019.066269
4960,535,23449,1447820027.185007
6375,1098,23448,1447820035.791917
1099,6375,23447,1447820044.937676
3900,1363,23446,1447820051.061222
1097,7,23445,1447820059.770570
2539,915,23444,1447820068.359789
4757,3676,23443,1447820076.426671
6360,4885,23442,1447820084.582756
4000,2510,23441,1447820092.624430
3980,1909,23440,1447820101.102318
4172,2511,23439,1447820110.045026
6821,4172,23438,1447820118.689541
4599,2010,23437,1447820127.812664
7316,374,23436,1447820136.648755
4340,2649,23435,1447820145.264167
3465,2774,23434,1447820154.830303
5006,3376,23433,1447820163.868763
3001,2443,23432,1447820172.060156
2606,2044,23431,1447820181.241892
4520,2248,23430,1447820189.809209
6687,1953,23429,1447820198.212657
4103,4102,23428,1447820207.205138
4885,4715,23427,1447820214.433738
6361,4103,23426,1447820222.999340
6714,6713,23425,1447820228.990206
6821,2511,23424,1447820236.461623
5845,3888,23423,1447820243.470882
525,3993,23422,1447820253.255236
5804,1325,23421,1447820264.271640
5420,836,23420,1447820269.941149
2893,2892,23419,1447820277.786430
4312,4276,23418,1447820289.323065
4371,1593,23417,1447820297.654683
5330,4314,23416,1447820306.998238
4376,4254,23415,1447820314.756530
1819,1307,23414,1447820321.613834
3900,2907,23413,1447820327.327781
5339,4350,23412,1447820334.361306
5082,4353,23411,1447820343.088586
7328,7323,23410,1447820351.459588
7326,7325,23409,1447820360.083579
6048,5114,23408,1447820367.736880
6947,5651,23407,1447820376.974482
4756,4711,23406,1447820386.417244
7254,7202,23405,1447820395.163628
1300,4358,23404,1447820403.002734
554,553,23403,1447820411.857667
5327,4256,23402,1447820420.782692
5329,5328,23401,1447820429.283664
3975,3290,23400,1447820438.012622
1448,970,23399,1447820446.722464
2806,201,23398,1447820455.273124
5329,1307,23397,1447820463.978315
1820,3319,23396,1447820472.784691
4376,3216,23395,1447820482.512508
4301,3533,23394,1447820490.264001
4701,4295,23393,1447820498.629045
5895,1585,23392,1447820507.088605
2881,768,23391,1447820515.477982
6910,567,23390,1447820524.284875
1974,2892,23389,1447820533.032708
6340,5023,23388,1447820541.736358
6907,561,23387,1447820551.465164
626,87,23386,1447820559.237073
5895,7105,23385,1447820567.353053
3108,3741,23384,1447820575.948895
6424,111,23383,1447820584.515262
7031,6703,23382,1447820593.111851
7140,111,23381,1447820602.287946
5649,3890,23380,1447820610.377512
6908,3620,23379,1447820619.020497
5140,3905,23378,1447820627.502847
6308,283,23377,1447820636.157090
6115,5141,23376,1447820644.986126
5140,6308,23375,1447820653.753690
5844,5647,23374,1447820662.898202
2930,1810,23373,1447820672.431043
5443,1585,23372,1447820681.457499
3650,1585,23371,1447820690.828809
7333,431,23370,1447820699.364366
5079,4903,23369,1447820708.938932
4902,1417,23368,1447820715.188392
715,7105,23367,1447820723.938847
6402,715,23366,1447820732.593114
5078,7105,23365,1447820741.665282
1448,1364,23364,1447820750.090149
4265,4263,23363,1447820759.082913
3741,4322,23362,1447820767.578154
4355,5585,23361,1447820775.407148
1417,1363,23360,1447820783.226633
6401,1448,23359,1447820791.241255
6257,4902,23358,1447820798.015265
2845,1363,23357,1447820806.474354
6378,4903,23356,1447820814.303440
4902,6378,23355,1447820824.159661
374,1417,23354,1447820831.172009
5023,4346,23353,1447820840.243186
630,392,23352,1447820848.553750
6959,3016,23351,1447820857.618193
5,4,23350,1447820866.251578
4505,589,23349,1447820875.000957
5381,482,23348,1447820884.134993
2893,558,23347,1447820893.446537
4358,2366,23346,1447820901.800807
4757,4712,23345,1447820910.091362
4885,952,23344,1447820918.066373
6359,4101,23343,1447820925.562218
6299,4341,23342,1447820934.610730
1904,4341,23341,1447820943.174197
4885,4101,23340,1447820950.746519
1981,1474,23339,1447820958.674646
6299,4712,23338,1447820964.739623
6357,893,23337,1447820972.565003
7072,6935,23336,1447820980.164804
6577,2153,23335,1447820988.369765
1415,1413,23334,1447820996.593135
6013,5536,23333,1447821004.797856
5008,3819,23332,1447821013.464365
3466,2775,23331,1447821021.761411
2042,1727,23330,1447821030.442964
5046,5020,23329,1447821038.675576
2443,2441,23328,1447821043.876242
3377,2775,23327,1447821052.636486
2254,558,23326,1447821060.076363
7200,3895,23325,1447821068.625639
2089,2131,23324,1447821077.762023
2609,6411,23323,1447821086.412790
7304,2410,23322,1447821095.335610
4554,1076,23321,1447821104.660161
5815,394,23320,1447821114.357420
6951,6655,23319,1447821121.475524
133,2553,23318,1447821130.572843
6536,2553,23317,1447821138.680550
6798,2553,23316,1447821147.616458
2554,1716,23315,1447821157.003225
1920,1921,23314,1447821166.560708
5985,2131,23313,1447821174.442347
6370,2000,23312,1447821184.289264
6312,504,23311,1447821193.515173
6313,1409,23310,1447821201.429676
5537,2667,23309,1447821208.781848
5027,166,23308,1447821216.953639
2020,1996,23307,1447821224.157635
6050,5116,23306,1447821232.653001
4496,659,23305,1447821241.726258
5506,975,23304,1447821250.188437
794,419,23303,1447821259.008112
6372,1916,23302,1447821267.708958
892,891,23301,1447821276.824349
5881,954,23300,1447821284.567313
7329,2011,23299,1447821292.936392
1609,553,23298,1447821301.742759
4890,139,23297,1447821310.522350
1591,1810,23296,1447821319.489988
4376,3634,23295,1447821327.464593
4256,1820,23294,1447821336.345373
5046,539,23293,1447821344.832575
4254,3975,23292,1447821351.649915
5331,3975,23291,1447821360.138393
4376,3975,23290,1447821368.180291
797,2916,23289,1447821376.040016
3382,747,23288,1447821384.168149
5020,539,23287,1447821392.022706
1097,1596,23286,1447821400.281146
4931,374,23285,1447821408.850896
5728,3716,23284,1447821418.254049
6066,1729,23283,1447821426.313301
2985,139,23282,1447821434.111604
4890,3995,23281,1447821442.549846
4807,622,23280,1447821449.574692
7255,2472,23279,1447821455.048133
4599,5122,23278,1447821462.822912
6945,6892,23277,1447821472.670998
6947,3892,23276,1447821480.184075
6055,435,23275,1447821488.752933
6776,1421,23274,1447821498.608827
6950,3985,23273,1447821506.795731
3533,1812,23272,1447821516.293381
2773,221,23271,1447821525.507546
6176,1197,23270,1447821533.874641
6176,1189,23269,1447821542.516014
6055,5552,23268,1447821551.178531
3819,224,23267,1447821559.383308
4599,622,23266,1447821568.423344
5418,4601,23265,1447821576.637172
3984,1409,23264,1447821583.599148
1410,6317,23263,1447821589.892541
2020,1979,23262,1447821597.248157
6252,1040,23261,1447821606.348991
6907,2537,23260,1447821613.876177
5852,849,23259,1447821622.128631
5124,5845,23258,1447821630.142742
4038,1729,23257,1447821638.264707
4350,5399,23256,1447821646.684870
369,3930,23255,1447821655.265744
6302,4612,23254,1447821664.273987
2646,3173,23253,1447821672.218871
2647,1902,23252,1447821680.482220
6750,6298,23251,1447821689.121115
952,2647,23250,1447821697.410850
5656,4612,23249,1447821705.305961
2911,1921,23248,1447821710.912363
5375,4014,23247,1447821719.808034
5824,6252,23246,1447821725.559291
7175,6252,23245,1447821734.817119
1998,561,23244,1447821742.039860
1489,1155,23243,1447821750.857806
6687,2647,23242,1447821759.681939
4762,2505,23241,1447821768.584508
6291,6289,23240,1447821776.883089
6295,1951,23239,1447821785.006577
7007,5966,23238,1447821793.870314
6815,4767,23237,1447821802.345808
6822,2515,23236,1447821810.628169
2134,5708,23235,1447821819.133749
5060,281,23234,1447821827.547192
3769,2145,23233,1447821835.936304
3406,1348,23232,1447821844.526620
1236,434,23231,1447821853.334833
6571,6485,23230,1447821861.767219
6571,1236,23229,1447821869.826416
6571,433,23228,1447821877.994592
3650,1583,23227,1447821886.602055
4515,5443,23226,1447821895.210105
5443,1583,23225,1447821903.658571
1448,1363,23224,1447821912.296575
6485,192,23223,1447821920.874946
192,4295,23222,1447821929.416965
6485,1238,23221,1447821938.168856
4688,2846,23220,1447821947.408835
1416,6257,23219,1447821956.604167
4869,5565,23218,1447821963.027590
5565,306,23217,1447821970.816051
4701,1619,23216,1447821979.100785
6053,4701,23215,1447821987.586095
1875,313,23214,1447821996.293327
5853,5375,23213,1447822005.156077
6250,917,23212,1447822013.685773
3079,4063,23211,1447822022.266878
5586,4346,23210,1447822031.189885
110,369,23209,1447822040.120272
6256,305,23208,1447822048.762669
2015,2044,23207,1447822057.439591
6254,1415,23206,1447822066.416539
3985,3009,23205,1447822074.348232
6254,6253,23204,1447822082.746498
1037,3900,23203,1447822092.461338
4764,2504,23202,1447822101.300471
4793,2651,23201,1447822109.543638
4170,4722,23200,1447822117.749212
6291,949,23199,1447822125.816463
4716,2504,23198,1447822133.478595
949,891,23197,1447822140.893872
5856,5803,23196,1447822149.928033
2523,1085,23195,1447822156.188804
1327,673,23194,1447822162.816365
6369,504,23193,1447822170.566581
6591,1253,23192,1447822178.286713
557,5649,23191,1447822186.743877
6370,991,23190,1447822195.766582
6022,6021,23189,1447822206.042497
5926,2533,23188,1447822213.704870
2893,779,23187,1447822221.589379
5658,1282,23186,1447822229.192757
6969,3988,23185,1447822238.036300
4231,1135,23184,1447822246.116651
3062,2489,23183,1447822254.069850
2489,1131,23182,1447822263.283587
3060,4281,23181,1447822271.989653
4228,3062,23180,1447822280.765432
4467,4228,23179,1447822289.718531
5487,3060,23178,1447822298.250625
6060,5069,23177,1447822306.738867
6167,4044,23176,1447822315.535120
3947,3258,23175,1447822323.918507
3257,3059,23174,1447822332.672706
570,3059,23173,1447822341.130121
1531,818,23172,1447822349.293715
3060,3059,23171,1447822357.409828
3711,573,23170,1447822365.881041
6304,4690,23169,1447822374.461563
644,4243,23168,1447822383.175517
6590,5646,23167,1447822391.971816
6298,2651,23166,1447822399.795055
5645,4603,23165,1447822408.339772
6815,138,23164,1447822416.701459
6020,2673,23163,1447822425.070335
6019,2674,23162,1447822433.061542
3885,387,23161,1447822441.096843
949,890,23160,1447822449.082192
6525,5532,23159,1447822457.201743
5984,1321,23158,1447822463.936340
5816,2089,23157,1447822471.447987
2530,2471,23156,1447822476.939652
972,480,23155,1447822485.645635
899,898,23154,1447822493.878505
5990,387,23153,1447822503.055814
1923,1413,23152,1447822511.255272
7328,6565,23151,1447822521.605730
1226,682,23150,1447822528.514548
1802,2863,23149,1447822536.839594
429,1801,23148,1447822547.151801
4967,2697,23147,1447822555.334201
2914,793,23146,1447822560.140422
4688,1037,23145,1447822568.596823
1545,4869,23144,1447822577.389928
4454,4323,23143,1447822585.704846
5764,5585,23142,1447822595.134126
5327,3632,23141,1447822603.877751
4255,4314,23140,1447822611.527798
5328,4314,23139,1447822619.526498
2388,1347,23138,1447822628.279203
2318,1221,23137,1447822637.093023
3177,797,23136,1447822646.150619
1882,796,23135,1447822655.668179
5080,538,23134,1447822663.583729
4515,736,23133,1447822671.095662
3382,3830,23132,1447822679.779032
775,774,23131,1447822687.588831
4721,4170,23130,1447822696.058623
5803,2472,23129,1447822704.116211
4905,1601,23128,1447822712.666473
6626,5496,23127,1447822721.273915
2410,1488,23126,1447822728.378786
4717,2985,23125,1447822736.880136
4889,3994,23124,1447822745.738389
2673,3888,23123,1447822754.191738
4341,4336,23122,1447822762.460703
6022,6538,23121,1447822769.980945
6538,6591,23120,1447822778.175840
6289,1057,23119,1447822786.342818
6950,102,23118,1447822794.478838
5061,1284,23117,1447822802.829804
6253,921,23116,1447822810.896955
1322,1321,23115,1447822817.812873
4720,3171,23114,1447822828.020157
4793,4340,23113,1447822834.768931
6291,1057,23112,1447822840.313026
4766,4105,23111,1447822849.481425
4766,6816,23110,1447822857.440324
7254,2471,23109,1447822865.636168
6816,4765,23108,1447822874.566634
6899,4555,23107,1447822883.238728
6453,5107,23106,1447822893.436270
4722,3995,23105,1447822901.340385
4170,6816,23104,1447822909.901996
4766,4170,23103,1447822917.166932
4720,4170,23102,1447822925.481352
2507,140,23101,1447822933.923965
5911,5858,23100,1447822942.107348
6816,4105,23099,1447822950.464911
4720,2507,23098,1447822957.135686
3995,2507,23097,1447822964.046651
5529,784,23096,1447822972.165813
7189,5133,23095,1447822980.424188
5655,4609,23094,1447822989.765624
7190,5710,23093,1447822997.042483
7189,4609,23092,1447823005.349028
5810,992,23091,1447823013.865982
1272,4888,23090,1447823022.309151
4721,2508,23089,1447823030.184177
6893,1075,23088,1447823038.184551
2161,658,23087,1447823046.202217
6523,5485,23086,1447823053.148304
5911,3044,23085,1447823061.619826
7187,7186,23084,1447823066.964622
6950,3009,23083,1447823074.380728
2321,1772,23082,1447823082.488586
6534,5298,23081,1447823090.784975
2530,1488,23080,1447823099.177455
5347,3997,23079,1447823107.410707
940,1353,23078,1447823116.021567
2656,1965,23077,1447823125.363233
6951,2018,23076,1447823133.149108
5341,1716,23075,1447823139.941785
1877,312,23074,1447823148.519198
5657,2912,23073,1447823157.679286
1877,2912,23072,1447823165.308907
6116,6115,23071,1447823171.012321
283,5659,23070,1447823178.270837
5853,1921,23069,1447823186.625451
4014,1722,23068,1447823193.844304
3117,1281,23067,1447823202.310580
5347,4111,23066,1447823210.936512
5531,5530,23065,1447823219.221794
5293,2668,23064,1447823227.711809
6523,785,23063,1447823235.897105
3622,3011,23062,1447823244.488732
6584,2214,23061,1447823253.169797
7137,6660,23060,1447823261.729433
6007,2215,23059,1447823270.004612
4814,785,23058,1447823278.561094
7328,5111,23057,1447823285.935353
7095,760,23056,1447823293.294766
7095,6289,23055,1447823299.824295
3414,1665,23054,1447823308.034884
1744,200,23053,1447823315.542248
1811,770,23052,1447823322.753325
7095,6290,23051,1447823332.145480
1921,1366,23050,1447823340.267647
2971,926,23049,1447823347.577072
6384,1929,23048,1447823355.895135
6722,1930,23047,1447823365.482240
792,788,23046,1447823373.321293
6840,1934,23045,1447823381.472907
6722,6776,23044,1447823389.841797
2453,1025,23043,1447823398.072013
5146,1286,23042,1447823406.322235
1930,1928,23041,1447823413.780700
6717,2453,23040,1447823422.263490
6717,2971,23039,1447823430.434544
6892,4505,23038,1447823439.169238
760,759,23037,1447823447.482859
3164,826,23036,1447823456.094256
4759,3550,23035,1447823464.252371
7065,5966,23034,1447823472.198228
7068,6189,23033,1447823480.479741
197,7007,23032,1447823489.494054
6685,1951,23031,1447823498.251150
2646,1951,23030,1447823507.154063
5851,2134,23029,1447823515.064452
5538,5293,23028,1447823523.437241
6585,4821,23027,1447823531.618230
5661,1290,23026,1447823540.830444
5063,1291,23025,1447823549.243476
7093,5868,23024,1447823557.067182
6007,6527,23023,1447823564.514051
167,103,23022,1447823572.883979
562,391,23021,1447823579.643368
813,912,23020,1447823588.266908
6956,6957,23019,1447823595.174364
4174,4110,23018,1447823604.637601
1250,5701,23017,1447823613.942271
7191,5485,23016,1447823621.977852
5708,847,23015,1447823631.546720
7190,6714,23014,1447823639.875563
812,2017,23013,1447823646.677122
6755,2017,23012,1447823651.711074
6904,2017,23011,1447823659.750103
1392,1337,23010,1447823667.663987
6764,5730,23009,1447823675.848214
5286,632,23008,1447823683.618499
2348,1803,23007,1447823692.049596
2862,752,23006,1447823700.842444
5020,4898,23005,1447823709.465450
6312,629,23004,1447823719.804921
4961,1526,23003,1447823729.026506
5733,2553,23002,1447823735.725648
6523,2208,23001,1447823744.002044
4814,2210,23000,1447823753.868502
5021,1729,22999,1447823761.725618
1152,1087,22998,1447823769.965709
5028,1599,22997,1447823777.183959
1728,1521,22996,1447823786.945827
1226,4358,22995,1447823796.263880
4901,541,22994,1447823804.466471
1727,374,22993,1447823812.780151
5583,5081,22992,1447823821.050049
1598,11,22991,1447823829.427721
4901,9,22990,1447823838.002425
1878,795,22989,1447823846.640849
5660,1283,22988,1447823855.300794
3471,2785,22987,1447823863.458663
3483,112,22986,1447823871.877115
1642,770,22985,1447823880.280193
6822,4799,22984,1447823889.125275
4764,2938,22983,1447823897.813834
7064,6686,22982,1447823906.117261
6685,826,22981,1447823914.576338
3610,2152,22980,1447823923.306190
2654,898,22979,1447823931.513397
7070,6189,22978,1447823940.090181
7017,6946,22977,1447823949.008456
3611,2154,22976,1447823957.608590
3241,2011,22975,1447823965.754920
7097,7099,22974,1447823974.307751
7190,6523,22973,1447823982.259163
6478,117,22972,1447823990.601903
2862,1801,22971,1447823998.723798
6879,2348,22970,1447824007.102991
1776,58,22969,1447824015.433900
7124,6911,22968,1447824023.656091
1298,6059,22967,1447824032.401399
6309,1283,22966,1447824040.575281
5757,3806,22965,1447824049.267665
5135,7192,22964,1447824057.573670
3197,3061,22963,1447824065.772876
3621,137,22962,1447824074.309712
6654,2609,22961,1447824082.935854
765,764,22960,1447824090.926301
6895,4549,22959,1447824098.815314
6714,5654,22958,1447824107.250346
5239,918,22957,1447824114.478694
3132,2567,22956,1447824122.878839
3060,1133,22955,1447824131.564623
1561,727,22954,1447824140.190413
5574,4344,22953,1447824148.715999
1284,795,22952,1447824157.180595
418,793,22951,1447824165.357222
736,7166,22950,1447824174.276646
6121,6059,22949,1447824182.448510
1371,1543,22948,1447824190.862350
6918,1240,22947,1447824199.366020
4231,3060,22946,1447824207.933724
3913,750,22945,1447824216.362255
6121,6058,22944,1447824224.668781
5373,1543,22943,1447824232.955914
6056,5306,22942,1447824241.397532
6059,1297,22941,1447824249.622136
3406,2048,22940,1447824258.720908
7019,41,22939,1447824267.093900
3658,1928,22938,1447824276.119806
926,925,22937,1447824284.138049
1546,291,22936,1447824292.037165
1802,1801,22935,1447824299.872640
3915,1689,22934,1447824308.157546
4906,1022,22933,1447824314.059254
4714,3171,22932,1447824323.336749
3007,2161,22931,1447824329.597638
7008,3611,22930,1447824337.763508
6936,6935,22929,1447824345.071573
7070,5967,22928,1447824352.938013
7069,2153,22927,1447824359.805788
6879,2862,22926,1447824367.690476
2861,810,22925,1447824376.676140
809,1801,22924,1447824383.447750
3913,805,22923,1447824390.864495
805,752,22922,1447824399.193848
1801,752,22921,1447824407.483280
3913,1933,22920,1447824415.062406
1802,429,22919,1447824424.066568
6839,929,22918,1447824431.950824
5881,5880,22917,1447824439.903061
7092,6043,22916,1447824447.489775
6189,2154,22915,1447824453.575679
5701,5125,22914,1447824460.101848
4886,4718,22913,1447824468.478470
4722,4173,22912,1447824475.428671
6189,3610,22911,1447824483.074742
6187,6186,22910,1447824491.545931
197,1951,22909,1447824500.738548
2914,1373,22908,1447824509.737837
3903,420,22907,1447824515.740290
5143,284,22906,1447824524.230918
289,5658,22905,1447824531.287347
6249,6248,22904,1447824539.944246
2848,1365,22903,1447824547.521735
6119,289,22902,1447824554.306065
281,3117,22901,1447824561.484516
5865,989,22900,1447824567.654278
6186,3610,22899,1447824575.332243
4760,140,22898,1447824584.241788
1057,949,22897,1447824593.514737
6820,4172,22896,1447824600.774189
3993,3992,22895,1447824609.504639
6805,2592,22894,1447824618.394756
5706,1272,22893,1447824626.590408
847,1327,22892,1447824635.482533
1272,847,22891,1447824644.102930
784,6714,22890,1447824652.715646
4111,3996,22889,1447824661.689342
2675,6538,22888,1447824669.951400
4889,4888,22887,1447824678.704898
7187,784,22886,1447824687.266820
2214,6578,22885,1447824695.213289
5177,4890,22884,1447824703.277254
4177,4176,22883,1447824711.612582
4175,2938,22882,1447824719.436769
3551,2938,22881,1447824727.636861
4168,3551,22880,1447824735.129432
4168,953,22879,1447824742.001781
4722,5177,22878,1447824751.341139
6014,2670,22877,1447824758.028674
7187,6714,22876,1447824768.871948
101,5647,22875,1447824776.046283
5345,916,22874,1447824783.671339
7281,5188,22873,1447824791.664290
2656,1660,22872,1447824799.555887
2668,2088,22871,1447824807.486153
6825,5695,22870,1447824816.059764
4168,4764,22869,1447824824.720420
7191,6522,22868,1447824832.822404
5695,6701,22867,1447824840.094694
5654,7186,22866,1447824848.212473
6012,2088,22865,1447824855.893643
1322,665,22864,1447824864.561652
5539,2668,22863,1447824871.456268
3937,3014,22862,1447824881.120269
6114,5059,22861,1447824889.316096
6197,2161,22860,1447824894.602162
2523,76,22859,1447824902.232556
3902,2849,22858,1447824912.253913
5141,5060,22857,1447824919.514104
5659,6116,22856,1447824927.209171
6538,2674,22855,1447824935.005085
5647,4605,22854,1447824943.753362
6579,4815,22853,1447824952.233990
4103,2504,22852,1447824960.877305
841,2163,22851,1447824969.631155
6022,2012,22850,1447824977.701831
4109,3996,22849,1447824986.542649
5738,5564,22848,1447824995.471614
3522,1568,22847,1447825003.134467
5540,450,22846,1447825012.084639
6958,6957,22845,1447825021.108312
3241,198,22844,1447825029.944510
5804,5855,22843,1447825037.091506
4545,658,22842,1447825045.532202
4499,4498,22841,1447825053.505740
3618,165,22840,1447825061.210204
6707,389,22839,1447825069.473645
5702,835,22838,1447825079.194127
7140,6961,22837,1447825087.276435
3481,2044,22836,1447825097.643486
6959,555,22835,1447825107.820337
5701,3888,22834,1447825117.443399
6706,6704,22833,1447825126.574654
840,841,22832,1447825134.829199
3190,3189,22831,1447825144.245768
2015,112,22830,1447825153.739297
3081,113,22829,1447825164.189850
5124,3888,22828,1447825174.097750
5851,673,22827,1447825184.457013
5125,5647,22826,1447825194.964579
4605,839,22825,1447825204.976481
5702,839,22824,1447825215.912224
3985,102,22823,1447825226.462408
5647,840,22822,1447825236.728418
4561,4065,22821,1447825247.649112
5056,5294,22820,1447825257.256661
4958,4896,22819,1447825267.771316
5873,763,22818,1447825279.322004
7028,6934,22817,1447825288.811939
7100,7099,22816,1447825299.303540
3250,6336,22815,1447825308.948541
2004,6375,22814,1447825317.302374
6637,1189,22813,1447825327.994462
1404,283,22812,1447825339.361927
4610,6112,22811,1447825349.652192
2849,1548,22810,1447825359.295588
2050,26,22809,1447825368.920972
6374,5586,22808,1447825379.112301
1872,2844,22807,1447825389.175896
2844,306,22806,1447825399.449246
2967,306,22805,1447825409.342057
3822,3118,22804,1447825419.639534
2824,332,22803,1447825430.154564
3126,1780,22802,1447825441.206765
3375,2196,22801,1447825452.472849
2745,2643,22800,1447825459.247866
1420,927,22799,1447825469.336402
6251,6250,22798,1447825478.539723
2042,1417,22797,1447825488.733097
6378,11,22796,1447825498.114504
6257,374,22795,1447825509.063965
4869,4688,22794,1447825519.765946
1597,605,22793,1447825528.907245
6401,5495,22792,1447825539.337256
5373,419,22791,1447825549.223691
419,1371,22790,1447825561.349740
5839,41,22789,1447825569.142574
5048,3071,22788,1447825579.806993
1820,3291,22787,1447825590.135158
4247,3887,22786,1447825598.411285
3319,3216,22785,1447825608.113178
3741,3571,22784,1447825619.517935
4322,4258,22783,1447825628.515589
4324,3571,22782,1447825638.479906
3742,3570,22781,1447825650.549503
4324,3109,22780,1447825659.861981
3571,3570,22779,1447825669.961941
6611,6098,22778,1447825682.393989
424,1884,22777,1447825691.155277
2831,1851,22776,1447825701.429526
1155,2533,22775,1447825710.621341
1018,624,22774,1447825721.688970
5848,3889,22773,1447825731.325478
1348,1235,22772,1447825741.931138
5428,1371,22771,1447825752.128735
5495,970,22770,1447825761.565277
1544,5502,22769,1447825771.431191
7054,6073,22768,1447825781.600087
7054,970,22767,1447825791.111103
4560,598,22766,1447825800.709410
6116,5141,22765,1447825810.536436
1700,4371,22764,1447825820.592409
3830,747,22763,1447825830.062912
4287,1710,22762,1447825838.478130
5222,4138,22761,1447825848.427009
4675,4146,22760,1447825858.037070
4995,3651,22759,1447825868.440411
4674,4409,22758,1447825876.486467
5227,4409,22757,1447825884.623096
4409,4146,22756,1447825892.400722
7155,6679,22755,1447825902.519362
5222,4035,22754,1447825911.835723
5048,4247,22753,1447825921.167190
6065,5577,22752,1447825930.936156
2835,344,22751,1447825940.142972
4641,706,22750,1447825949.147129
5400,4674,22749,1447825957.832997
5719,5043,22748,1447825965.577364
4959,4454,22747,1447825976.195615
5605,5601,22746,1447825985.172278
7211,6102,22745,1447825996.965564
7211,709,22744,1447826004.561535
4635,4634,22743,1447826014.894630
12,609,22742,1447826025.682777
6128,540,22741,1447826034.729838
5608,4991,22740,1447826044.558879
4995,4147,22739,1447826055.941250
5609,710,22738,1447826065.709804
6017,450,22737,1447826076.159825
7120,2072,22736,1447826087.343100
5817,2610,22735,1447826096.139512
6317,1919,22734,1447826105.185311
6366,5864,22733,1447826113.862326
6366,1996,22732,1447826123.623120
3942,2017,22731,1447826131.207933
6762,3111,22730,1447826137.578372
4718,2504,22729,1447826147.319251
1057,948,22728,1447826156.922963
5700,5346,22727,1447826167.031196
4173,4172,22726,1447826177.835449
5706,846,22725,1447826186.403963
5654,784,22724,1447826196.480388
3175,1269,22723,1447826205.991080
7067,6481,22722,1447826217.043848
5646,2514,22721,1447826229.292792
4111,4890,22720,1447826241.293401
5653,5129,22719,1447826252.259759
7067,6186,22718,1447826259.299642
826,1951,22717,1447826269.371211
6686,2580,22716,1447826278.615846
2581,5968,22715,1447826288.689856
4480,1054,22714,1447826297.422275
1663,5969,22713,1447826307.865981
197,5116,22712,1447826317.129177
3937,560,22711,1447826327.160107
5541,849,22710,1447826337.026512
6018,5134,22709,1447826347.767313
5134,848,22708,1447826357.478989
7064,826,22707,1447826367.463405
6049,5116,22706,1447826378.054586
5177,4172,22705,1447826389.903645
2933,1269,22704,1447826398.160576
1269,846,22703,1447826407.496704
5129,3893,22702,1447826416.785350
6713,5709,22701,1447826427.468359
7186,4817,22700,1447826437.750647
5909,1477,22699,1447826447.877875
551,380,22698,1447826458.184222
1894,621,22697,1447826467.755449
6008,5298,22696,1447826477.765066
6527,6584,22695,1447826487.603600
7186,5131,22694,1447826497.560656
3175,673,22693,1447826508.748187
5653,3175,22692,1447826518.640940
6820,4889,22691,1447826528.789533
5851,4608,22690,1447826539.392274
4608,673,22689,1447826551.427776
5653,4608,22688,1447826558.327257
7186,6527,22687,1447826567.854722
2555,666,22686,1447826576.984136
3522,6560,22685,1447826583.984137
4435,72,22684,1447826593.971586
1075,76,22683,1447826603.564065
1981,975,22682,1447826611.561832
1660,1322,22681,1447826620.436421
5539,5538,22680,1447826630.676344
6584,3369,22679,1447826639.132404
6584,4821,22678,1447826647.939066
6579,2215,22677,1447826656.605778
4818,4819,22676,1447826666.855540
6009,6526,22675,1447826677.137196
6526,5529,22674,1447826686.521088
5178,4891,22673,1447826696.892252
847,673,22672,1447826706.063168
4889,4173,22671,1447826716.644615
6711,5653,22670,1447826726.547937
7317,5106,22669,1447826736.518118
6558,758,22668,1447826746.831797
4660,6222,22667,1447826757.125074
6888,974,22666,1447826768.566461
3954,1279,22665,1447826778.887015
5870,5468,22664,1447826789.601076
6222,4659,22663,1447826797.919919
7317,5468,22662,1447826806.915926
469,3520,22661,1447826817.185297
6222,2241,22660,1447826827.084661
7321,5468,22659,1447826838.794569
3045,979,22658,1447826848.341747
5909,79,22657,1447826858.870762
5532,4819,22656,1447826868.375583
6532,5534,22655,1447826877.731447
666,665,22654,1447826887.138474
665,6532,22653,1447826897.901700
6527,4819,22652,1447826907.894106
6583,6531,22651,1447826917.757395
3461,3040,22650,1447826928.852415
3044,1768,22649,1447826939.768766
5911,5910,22648,1447826950.016402
6903,482,22647,1447826958.806480
2524,2521,22646,1447826969.309313
1148,1083,22645,1447826978.502973
1083,596,22644,1447826988.514161
1150,1083,22643,1447826998.567024
3461,1151,22642,1447827010.102971
6583,2555,22641,1447827020.099009
6555,5468,22640,1447827029.427907
6531,666,22639,1447827039.250574
6496,442,22638,1447827050.587861
6008,6527,22637,1447827059.927200
5820,56,22636,1447827068.537530
3520,621,22635,1447827078.369047
4151,3056,22634,1447827088.207744
4151,56,22633,1447827097.796615
4498,1070,22632,1447827107.513032
4558,1151,22631,1447827118.836691
6902,595,22630,1447827128.856642
4444,2519,22629,1447827139.565500
4466,17,22628,1447827148.633771
2657,135,22627,1447827158.356856
5322,3286,22626,1447827168.415556
4398,4967,22625,1447827177.720948
6754,5120,22624,1447827187.880054
1868,366,22623,1447827197.305502
2937,611,22622,1447827207.581869
6089,259,22621,1447827217.496194
5166,3315,22620,1447827229.794871
758,5468,22619,1447827238.665355
6044,5468,22618,1447827249.878289
1894,6215,22617,1447827259.048672
469,6215,22616,1447827268.687693
4479,6215,22615,1447827278.607856
4794,1955,22614,1447827287.649141
6215,524,22613,1447827297.027982
2126,662,22612,1447827304.413473
5203,5198,22611,1447827314.966033
6539,1251,22610,1447827324.965761
6283,524,22609,1447827334.039568
6966,5978,22608,1447827345.457894
6966,881,22607,1447827354.663567
766,552,22606,1447827364.263985
4478,2192,22605,1447827375.435962
7319,1183,22604,1447827385.401227
6292,1901,22603,1447827394.293754
2496,29,22602,1447827404.903904
1182,755,22601,1447827414.100641
5560,2653,22600,1447827424.241587
5591,1651,22599,1447827434.497344
1651,1206,22598,1447827444.688694
6967,2126,22597,1447827455.140032
4940,2963,22596,1447827464.359020
4940,4129,22595,1447827473.811693
906,905,22594,1447827483.904488
5434,1149,22593,1447827494.221705
5914,1479,22592,1447827504.854276
6895,4437,22591,1447827514.029842
5916,4437,22590,1447827522.827311
5916,982,22589,1447827531.276653
6923,1022,22588,1447827540.500153
7132,2697,22587,1447827548.062713
7308,3432,22586,1447827554.576867
6403,79,22585,1447827566.513285
6412,3985,22584,1447827576.595007
3941,1251,22583,1447827586.389529
3940,3941,22582,1447827594.007444
4398,2697,22581,1447827604.269729
1605,1533,22580,1447827612.644226
6148,5793,22579,1447827622.636048
6526,665,22578,1447827633.052981
1955,6559,22577,1447827641.994129
7307,1860,22576,1447827652.138890
2499,587,22575,1447827661.836714
4386,3337,22574,1447827673.436029
7321,4934,22573,1447827680.362906
3168,1184,22572,1447827689.760004
1001,3167,22571,1447827699.604640
3167,1184,22570,1447827709.337961
4129,2963,22569,1447827720.196567
1953,1955,22568,1447827728.304810
5272,4195,22567,1447827737.852763
6217,822,22566,1447827747.601508
4480,1888,22565,1447827757.549510
6290,6289,22564,1447827765.420790
1715,1449,22563,1447827774.606491
5322,3464,22562,1447827782.967960
6290,760,22561,1447827791.732755
1860,5621,22560,1447827801.078965
5484,3193,22559,1447827811.289837
6807,3194,22558,1447827822.642196
2334,672,22557,1447827832.277946
671,672,22556,1447827842.728131
6333,6290,22555,1447827852.703463
6494,442,22554,1447827862.788568
5166,5164,22553,1447827871.913039
5164,511,22552,1447827881.520889
5571,2542,22551,1447827891.228985
2183,1832,22550,1447827902.482289
5107,760,22549,1447827911.448382
2184,2183,22548,1447827920.978602
6927,3877,22547,1447827929.913563
6520,5087,22546,1447827939.422962
4408,997,22545,1447827949.318079
5272,576,22544,1447827959.308403
3877,1507,22543,1447827969.862087
5107,6289,22542,1447827980.994225
6134,755,22541,1447827990.848780
211,210,22540,1447827999.657792
2085,5087,22539,1447828010.912807
5087,1732,22538,1447828019.944085
7091,6040,22537,1447828029.251511
1517,886,22536,1447828039.092314
887,885,22535,1447828049.210137
5644,409,22534,1447828059.510860
4359,1731,22533,1447828069.987881
6078,1205,22532,1447828079.040270
6040,754,22531,1447828088.613755
4359,6698,22530,1447828098.623235
6698,1731,22529,1447828108.595153
6698,3121,22528,1447828119.663159
5621,2114,22527,1447828128.556607
4197,3972,22526,1447828136.817830
2114,1859,22525,1447828146.923976
2114,1315,22524,1447828157.526172
3334,2213,22523,1447828167.733920
7026,4983,22522,1447828178.407216
3685,256,22521,1447828187.776397
6089,3315,22520,1447828197.127213
5275,3699,22519,1447828207.738757
3056,56,22518,1447828219.090477
1775,3066,22517,1447828227.266713
4359,3121,22516,1447828236.457235
6583,6532,22515,1447828246.347281
6583,6493,22514,1447828256.212567
5816,2130,22513,1447828266.581770
5165,1504,22512,1447828276.574793
6169,4155,22511,1447828286.764978
6909,6411,22510,1447828296.503678
6909,394,22509,1447828305.912459
5240,2952,22508,1447828315.073946
7126,2662,22507,1447828324.670666
6918,6914,22506,1447828337.185297
3948,727,22505,1447828344.416967
6708,4607,22504,1447828354.389515
2012,3939,22503,1447828364.351653
6909,3941,22502,1447828374.705343
5302,3009,22501,1447828384.737895
6909,5302,22500,1447828393.974119
6950,5817,22499,1447828403.214883
6675,4624,22498,1447828413.146677
4214,1118,22497,1447828422.862737
3558,1101,22496,1447828432.259187
6972,667,22495,1447828442.157462
3211,3102,22494,1447828452.069907
4865,3404,22493,1447828460.628984
3123,4243,22492,1447828469.815163
4243,1013,22491,1447828480.739888
2084,2662,22490,1447828490.920302
3957,56,22489,1447828500.207809
5163,4623,22488,1447828509.643294
1128,640,22487,1447828519.642637
4214,1119,22486,1447828529.020790
3685,4155,22485,1447828538.784416
4155,259,22484,1447828548.288035
5620,1162,22483,1447828558.061932
7307,7203,22482,1447828567.810461
3842,3335,22481,1447828577.631903
3631,3214,22480,1447828586.616745
3210,3103,22479,1447828596.408323
3505,2750,22478,1447828605.882001
3514,2704,22477,1447828613.678685
2079,2077,22476,1447828619.196604
2704,998,22475,1447828627.410974
7221,484,22474,1447828637.539585
3842,3504,22473,1447828647.356584
4196,3215,22472,1447828655.944967
6663,4576,22471,1447828664.505809
2799,1316,22470,1447828673.081675
3333,1314,22469,1447828679.494245
2291,2174,22468,1447828688.798459
4582,5216,22467,1447828698.432928
5289,275,22466,1447828708.317008
5800,2521,22465,1447828716.550481
5910,1479,22464,1447828725.747002
6403,5441,22463,1447828734.913339
5912,5441,22462,1447828745.516768
4571,998,22461,1447828754.425628
6929,998,22460,1447828764.701387
5478,3054,22459,1447828774.466184
1352,6929,22458,1447828783.954372
6493,2059,22457,1447828794.837066
1558,1557,22456,1447828803.585500
778,2264,22455,1447828813.506243
6306,5062,22454,1447828823.287856
2989,724,22453,1447828831.830300
6930,6929,22452,1447828839.430154
1533,1022,22451,1447828848.606144
3946,3786,22450,1447828855.454101
6807,641,22449,1447828864.572094
7203,1857,22448,1447828874.463713
2174,3276,22447,1447828882.335716
611,4576,22446,1447828890.529255
3463,39,22445,1447828900.904980
4202,3697,22444,1447828911.237815
3814,2758,22443,1447828921.008778
2059,786,22442,1447828929.833621
5557,2212,22441,1447828940.376647
6529,786,22440,1447828948.706783
6529,1324,22439,1447828957.172380
4222,1462,22438,1447828964.386140
6670,455,22437,1447828971.908588
3698,5276,22436,1447828981.149776
4205,3698,22435,1447828991.255083
5832,1384,22434,1447829001.907698
5299,2132,22433,1447829009.873426
813,270,22432,1447829019.732808
307,5295,22431,1447829027.683821
5341,450,22430,1447829036.848706
6798,1716,22429,1447829047.856978
2130,6798,22428,1447829057.888150
7182,1406,22427,1447829067.010691
4031,3698,22426,1447829076.780922
3680,450,22425,1447829086.039937
1391,453,22424,1447829095.784604
6529,2058,22423,1447829108.773397
3870,3680,22422,1447829118.371043
1385,1384,22421,1447829124.929497
1452,1333,22420,1447829134.551407
4045,2322,22419,1447829144.397593
1270,1352,22418,1447829154.091595
1740,1319,22417,1447829163.823932
1452,1385,22416,1447829173.340016
1270,998,22415,1447829182.872707
1662,3250,22414,1447829191.756537
2832,340,22413,1447829201.155855
6797,132,22412,1447829210.604256
6930,724,22411,1447829220.205833
3830,3239,22410,1447829229.855511
7305,2470,22409,1447829239.455740
5912,485,22408,1447829249.248630
484,81,22407,1447829258.136442
981,980,22406,1447829265.975235
5908,483,22405,1447829275.949062
5800,1989,22404,1447829283.624462
7221,5908,22403,1447829290.603247
4472,4471,22402,1447829299.372098
993,580,22401,1447829307.797960
993,4404,22400,1447829317.639765
4471,2490,22399,1447829326.387298
5996,1558,22398,1447829336.277426
6243,1107,22397,1447829347.092454
2470,1353,22396,1447829356.274839
3334,1162,22395,1447829367.730504
3298,1046,22394,1447829375.404220
1117,296,22393,1447829384.202443
6143,1558,22392,1447829396.374513
3011,2612,22391,1447829406.635241
6588,3621,22390,1447829414.454435
3301,3298,22389,1447829422.851731
3036,377,22388,1447829432.106093
4904,627,22387,1447829441.571326
452,268,22386,1447829451.371331
4048,1241,22385,1447829461.173949
3298,2078,22384,1447829471.417932
1504,3359,22383,1447829480.699745
