node1,node2,size,edges,biggroup,timestamp
366,1868,2,2087,914,1447524003.269241
1823,1362,2,2086,914,1447524013.421650
4390,1743,2,2085,914,1447524023.600182
4390,3501,2,2084,914,1447524033.664857
2110,7312,2,2083,914,1447524045.067774
7313,1362,2,2082,914,1447524055.428848
2110,2284,2,2081,914,1447524065.399605
3214,3972,2,2080,914,1447524075.579770
6732,6677,2,2079,914,1447524087.479054
2103,7314,2,2078,914,1447524097.623082
4310,6854,2,2077,914,1447524107.689999
4309,4310,2,2076,914,1447524118.007288
2284,6854,2,2075,914,1447524130.908287
5324,3629,2,2074,914,1447524141.425514
5911,5913,2,2073,914,1447524151.669931
5910,5911,2,2072,914,1447524161.848117
3095,1276,2,2071,914,1447524173.227929
979,5908,2,2070,914,1447524183.352722
79,6403,2,2069,914,1447524193.584833
484,7221,2,2068,914,1447524203.701272
1479,5910,2,2067,914,1447524214.737468
2287,2904,2,2066,914,1447524224.830149
3044,1985,2,2065,914,1447524234.742560
4249,5321,2,2064,914,1447524244.931236
2759,5319,2,2063,914,1447524256.367118
4382,3099,2,2062,914,1447524266.765340
3285,3971,2,2061,914,1447524276.813526
4196,3215,2,2060,914,1447524289.709635
2111,4308,2,2059,914,1447524300.074734
6664,610,2,2058,914,1447524312.829462
2111,4310,2,2057,914,1447524322.876926
4982,5717,2,2056,914,1447524333.021771
6403,5910,2,2055,914,1447524343.040960
485,5912,2,2054,914,1447524354.297070
5858,5923,2,2053,914,1447524364.333397
6434,485,2,2052,914,1447524374.403107
980,981,2,2051,914,1447524384.344679
368,1480,2,2050,914,1447524395.432677
6974,5712,2,2049,914,1447524405.401628
6974,1329,2,2048,914,1447524415.480604
2760,5280,2,2047,914,1447524425.650093
4249,5279,2,2046,914,1447524437.020121
4135,1276,2,2045,914,1447524447.226476
3814,3624,2,2044,914,1447524457.224543
298,2428,2,2043,914,1447524467.407365
5067,5317,2,2042,914,1447524478.780238
2752,3091,2,2041,914,1447524488.698343
2112,3099,2,2040,914,1447524498.727824
4382,2752,2,2039,914,1447524508.763135
3091,3279,2,2038,914,1447524519.560527
78,4304,2,2037,914,1447524529.426132
3400,3631,2,2036,914,1447524539.383654
4307,3464,2,2035,914,1447524549.487677
4306,3462,2,2034,914,1447524560.682379
4307,1120,2,2033,914,1447524570.702106
4307,3462,2,2032,914,1447524580.741506
1275,5392,2,2031,914,1447524590.612769
6213,3462,2,2030,914,1447524600.598163
3214,3631,2,2029,914,1447524611.622034
3103,3287,2,2028,914,1447524621.570521
3090,5316,2,2027,914,1447524631.697779
4304,3503,2,2026,914,1447524641.651160
3103,3631,2,2025,914,1447524653.013904
3400,3629,2,2024,914,1447524663.115593
2751,3090,2,2023,914,1447524673.228981
3629,3631,2,2022,914,1447524683.272008
3811,2749,2,2021,914,1447524694.560611
3811,3090,2,2020,914,1447524704.539830
3501,1743,2,2019,914,1447524714.417504
3276,3089,2,2018,914,1447524724.355702
3276,3155,2,2017,914,1447524735.156365
4387,1318,2,2016,914,1447524745.002038
2115,4387,2,2015,914,1447524755.026884
2175,3334,2,2014,914,1447524764.920016
1162,1318,2,2013,914,1447524775.724300
2288,2289,2,2012,914,1447524785.647228
2292,3844,2,2011,914,1447524795.404729
5067,3507,2,2010,914,1447524805.275245
3507,3846,2,2009,914,1447524816.073135
3817,5319,2,2008,914,1447524825.873073
3504,3505,2,2007,914,1447524835.534472
3161,3282,2,2006,914,1447524845.367223
2750,3277,2,2005,914,1447524856.183107
2750,3505,2,2004,914,1447524866.017711
263,264,2,2003,914,1447524875.707434
3817,3161,2,2002,914,1447524885.374639
5390,3871,2,2001,914,1447524895.181852
3303,4051,2,2000,914,1447524905.865670
2478,497,3,1999,591,1447524911.403919
2114,5621,3,1998,591,1447524916.757506
497,3331,3,1997,591,1447524922.044068
1769,5923,3,1996,591,1447524928.386885
4383,3331,3,1995,591,1447524933.861332
3333,3840,3,1994,591,1447524939.042736
1742,3335,3,1993,591,1447524944.435601
1859,1860,3,1992,591,1447524950.907355
2473,3431,3,1991,591,1447524956.199601
132,3042,3,1990,591,1447524961.520146
2288,2800,3,1989,591,1447524966.789880
4385,3333,3,1988,591,1447524973.082375
4385,3332,3,1987,591,1447524978.387140
4385,3331,3,1986,591,1447524983.825586
485,980,3,1985,591,1447524989.025074
593,979,3,1984,591,1447524995.311267
6435,593,3,1983,591,1447525000.691133
80,4442,3,1982,591,1447525005.915874
80,1475,3,1981,591,1447525011.064022
1475,5827,3,1980,591,1447525017.480332
1657,5907,3,1979,591,1447525022.844243
1475,1657,3,1978,591,1447525028.249525
3646,1657,3,1977,591,1447525033.604645
6188,1657,3,1976,591,1447525041.884507
449,5558,4,1975,338,1447525046.115399
132,6797,4,1974,338,1447525050.368665
6495,1661,4,1973,338,1447525054.408890
1741,3847,4,1972,338,1447525059.168649
132,3431,4,1971,338,1447525062.845004
2409,7304,4,1970,338,1447525066.526703
2470,1353,4,1969,338,1447525070.082769
6797,1353,4,1968,338,1447525073.727505
2525,5801,4,1967,338,1447525078.472219
1485,5801,4,1966,338,1447525082.127942
494,1988,4,1965,338,1447525085.664851
493,2528,4,1964,338,1447525089.148966
985,1486,4,1963,338,1447525093.808450
7304,1353,4,1962,338,1447525097.364794
5067,1742,4,1961,338,1447525100.927403
4624,6675,5,1960,323,1447525103.887326
5388,4032,5,1959,323,1447525107.903809
4213,5718,5,1958,323,1447525110.831820
1502,5036,5,1957,323,1447525113.743712
4206,5387,5,1956,323,1447525116.644856
262,6087,5,1955,323,1447525120.662262
6087,5937,5,1954,323,1447525123.607934
1659,1449,5,1953,323,1447525126.515624
2802,3338,5,1952,323,1447525129.433083
5039,3704,5,1951,323,1447525133.366936
4136,5393,5,1950,323,1447525136.289527
6087,4311,5,1949,323,1447525139.169044
4622,5936,5,1948,323,1447525142.059570
4982,5718,5,1947,323,1447525146.006117
6165,5166,5,1946,323,1447525148.859919
5213,4032,5,1945,323,1447525151.778248
610,5936,5,1944,323,1447525154.634022
6732,610,5,1943,323,1447525158.650411
5388,5036,5,1942,323,1447525161.562536
4208,3701,5,1941,323,1447525164.432007
5278,3701,5,1940,323,1447525167.247642
5278,3699,5,1939,323,1447525170.060615
5216,5278,5,1938,323,1447525174.026168
5216,6672,5,1937,323,1447525176.921670
6670,6672,5,1936,323,1447525179.764563
5214,6672,5,1935,323,1447525182.553883
5214,3705,5,1934,323,1447525186.519825
5320,3705,5,1933,323,1447525189.381391
5320,5321,5,1932,323,1447525192.222137
5319,5321,5,1931,323,1447525195.021347
1360,3446,6,1930,253,1447525198.439899
2177,4388,6,1929,253,1447525200.686357
1715,5830,6,1928,253,1447525202.966158
3844,3845,6,1927,253,1447525205.249924
2115,3845,6,1926,253,1447525208.606097
1715,5987,6,1925,253,1447525210.912979
2175,1318,6,1924,253,1447525213.228325
366,3440,7,1923,253,1447525215.360332
3446,1359,7,1922,253,1447525218.621474
2285,2795,7,1921,253,1447525220.717569
2282,2283,7,1920,253,1447525222.782161
3328,6107,7,1919,253,1447525224.800342
3399,3328,7,1918,253,1447525227.961426
4380,2793,7,1917,253,1447525230.043062
2477,3437,7,1916,253,1447525232.100587
2112,4382,7,1915,253,1447525234.170165
2105,2794,7,1914,253,1447525237.351632
301,304,7,1913,253,1447525239.405156
2106,6107,7,1912,253,1447525241.451521
2104,1823,7,1911,253,1447525243.531925
1823,1709,7,1910,253,1447525245.531548
3392,1709,7,1909,253,1447525248.628966
3392,1824,7,1908,253,1447525250.659367
2102,1824,7,1907,253,1447525252.766250
372,3898,7,1906,253,1447525254.785156
6938,3041,7,1905,253,1447525257.841381
372,3041,7,1904,253,1447525259.893535
7009,3041,7,1903,253,1447525261.939387
2102,1871,7,1902,253,1447525264.018400
2102,372,7,1901,253,1447525267.265885
1992,1990,8,1900,188,1447525269.071124
1769,1990,8,1899,188,1447525270.901711
496,1990,8,1898,188,1447525272.696586
496,7263,8,1897,188,1447525275.562644
7262,7263,8,1896,188,1447525277.424994
2531,5921,8,1895,188,1447525279.223199
7262,2531,8,1894,188,1447525281.002516
2532,2531,8,1893,188,1447525283.860813
5805,5859,8,1892,188,1447525285.690588
2525,5859,8,1891,188,1447525287.461263
297,3442,9,1890,188,1447525289.152197
3445,1359,9,1889,188,1447525291.944734
7309,1867,9,1888,188,1447525293.648577
981,5912,9,1887,188,1447525295.328535
486,5854,9,1886,188,1447525297.005453
486,981,9,1885,188,1447525299.780992
301,1869,9,1884,188,1447525301.426808
304,2792,9,1883,188,1447525303.121551
304,2166,9,1882,188,1447525304.831065
2105,373,9,1881,188,1447525306.615110
511,6734,10,1880,180,1447525309.258733
5165,5834,10,1879,180,1447525310.751864
260,6089,10,1878,180,1447525312.194989
6498,5713,10,1877,180,1447525313.662182
7129,2559,10,1876,180,1447525316.241071
4132,5219,10,1875,180,1447525317.688072
5040,3706,10,1874,180,1447525319.182739
6164,5436,10,1873,180,1447525320.692328
3685,1721,10,1872,180,1447525323.211011
6168,6740,10,1871,180,1447525324.638647
6164,6168,10,1870,180,1447525326.077409
6166,4731,10,1869,180,1447525327.592935
1118,1119,10,1868,180,1447525330.130895
4731,6095,10,1867,180,1447525331.601492
4214,1119,10,1866,180,1447525333.058937
4137,1119,10,1865,180,1447525334.569863
4213,254,10,1864,180,1447525337.166550
6162,4214,10,1863,180,1447525338.645108
6094,6095,10,1862,180,1447525340.062515
125,6095,10,1861,180,1447525341.531451
125,1679,10,1860,180,1447525344.073886
3494,3556,10,1859,180,1447525345.542558
54,3556,10,1858,180,1447525347.013192
125,6877,10,1857,180,1447525348.495064
3102,3972,11,1856,143,1447525350.890380
2559,3305,11,1855,143,1447525352.178530
4205,3698,11,1854,143,1447525353.498857
4155,260,11,1853,143,1447525354.801356
4155,6740,11,1852,143,1447525356.108920
4205,4031,12,1851,143,1447525358.472191
4203,3697,12,1850,143,1447525359.707520
3699,6671,12,1849,143,1447525361.074857
2212,1740,12,1848,143,1447525362.353544
371,5445,12,1847,143,1447525364.699460
3699,3701,12,1846,143,1447525365.958985
4203,4580,12,1845,143,1447525367.179466
6668,5273,12,1844,143,1447525368.372581
4203,5384,12,1843,143,1447525370.709500
6668,4577,12,1842,143,1447525371.952692
4201,6665,12,1841,143,1447525373.198529
4198,4578,12,1840,143,1447525374.445527
4198,3695,12,1839,143,1447525376.765432
370,371,13,1838,116,1447525377.897099
1313,3449,13,1837,116,1447525379.012626
370,5445,13,1836,116,1447525380.095933
4380,2418,13,1835,116,1447525382.318660
1114,2903,13,1834,116,1447525383.475798
299,2416,13,1833,116,1447525384.609948
2903,1361,13,1832,116,1447525386.141699
2798,2904,13,1831,116,1447525388.382784
2793,2166,13,1830,116,1447525389.511379
1112,1113,13,1829,116,1447525390.622617
3459,6988,13,1828,116,1447525391.707061
1314,1316,13,1827,116,1447525393.933398
3333,1314,13,1826,116,1447525395.010555
299,2903,13,1825,116,1447525396.162754
2105,2792,13,1824,116,1447525397.253429
2211,4817,14,1823,116,1447525398.313019
2293,3843,14,1822,116,1447525400.421036
7206,1354,14,1821,116,1447525401.495895
3433,1862,14,1820,116,1447525402.523283
6581,5707,14,1819,116,1447525403.605600
6144,6524,14,1818,116,1447525405.745549
4817,4154,14,1817,116,1447525406.763698
6712,5130,14,1816,116,1447525407.816015
134,1324,14,1815,116,1447525408.875099
7205,3433,14,1814,116,1447525410.977523
136,1324,14,1813,116,1447525412.002924
6712,4863,14,1812,116,1447525413.020184
6713,5131,14,1811,116,1447525414.081358
6711,6712,14,1810,116,1447525416.210542
136,2411,14,1809,116,1447525417.224861
136,3433,14,1808,116,1447525418.280209
2412,1863,14,1807,116,1447525419.309376
2411,1354,14,1806,116,1447525421.422603
136,2413,14,1805,116,1447525422.456793
2413,1354,14,1804,116,1447525423.537971
2801,3843,14,1803,116,1447525424.577911
2802,2177,14,1802,116,1447525426.684389
4104,3508,15,1801,91,1447525427.615846
37,6975,15,1800,91,1447525428.549842
37,1328,15,1799,91,1447525429.509506
37,5663,15,1798,91,1447525431.533742
1062,5342,15,1797,91,1447525432.511914
449,1661,15,1796,91,1447525433.479905
3508,3283,15,1795,91,1447525434.462842
451,2757,15,1794,91,1447525435.403345
3623,3815,15,1793,91,1447525437.420422
3817,3623,15,1792,91,1447525438.380978
4556,4557,16,1791,91,1447525439.297205
7207,1864,16,1790,91,1447525440.233658
5040,5218,16,1789,91,1447525442.217620
5715,6675,16,1788,91,1447525443.124268
6733,5713,16,1787,91,1447525444.025632
6733,6088,16,1786,91,1447525444.958559
85,5039,16,1785,91,1447525446.983963
6733,5039,16,1784,91,1447525447.899484
5393,4032,16,1783,91,1447525448.802482
5390,5559,16,1782,91,1447525449.708701
366,3437,17,1781,85,1447525451.632144
364,3439,17,1780,85,1447525452.518578
362,7207,17,1779,85,1447525453.426393
1356,3438,17,1778,85,1447525454.326468
2472,7202,18,1777,85,1447525456.262231
2472,7204,18,1776,85,1447525457.094656
7204,1862,18,1775,85,1447525457.957827
2530,5803,18,1774,85,1447525458.806042
2529,2530,18,1773,85,1447525460.738373
2528,1488,18,1772,85,1447525461.590408
494,2528,18,1771,85,1447525462.439257
4583,4584,19,1770,85,1447525463.291558
1151,3461,19,1769,85,1447525465.196662
4558,3460,19,1768,85,1447525466.021719
7264,1984,19,1767,85,1447525466.853244
82,7264,19,1766,85,1447525467.697675
81,82,19,1765,85,1447525468.532577
82,980,19,1764,85,1447525470.417238
6663,3215,20,1763,85,1447525471.233495
4197,4030,20,1762,85,1447525472.062533
5212,5383,20,1761,85,1447525472.884449
4197,5383,20,1760,85,1447525474.755971
4197,3972,20,1759,85,1447525475.553426
4584,5035,20,1758,85,1447525476.352579
5035,5386,20,1757,85,1447525477.129993
4207,5387,20,1756,85,1447525478.988133
6213,3103,20,1755,85,1447525479.805945
5209,3698,20,1754,85,1447525480.582771
4203,5209,20,1753,85,1447525481.385995
2753,3506,21,1752,65,1447525483.243769
2754,6627,21,1751,65,1447525484.000475
298,3444,21,1750,65,1447525484.739737
368,2428,21,1749,65,1447525485.495774
2408,940,21,1748,65,1447525487.358541
2416,1361,21,1747,65,1447525488.123290
1361,3444,21,1746,65,1447525488.909621
367,1478,21,1745,65,1447525489.678885
486,1478,21,1744,65,1447525491.512678
987,5806,22,1743,65,1447525492.237112
5807,987,22,1742,65,1447525492.975533
2409,1988,22,1741,65,1447525493.739098
2803,1743,23,1740,65,1447525495.551284
1112,2803,23,1739,65,1447525496.271732
39,6627,24,1738,65,1447525496.999764
3158,3281,24,1737,65,1447525497.742171
2371,3350,24,1736,65,1447525498.437200
4251,3966,24,1735,65,1447525500.257594
2373,1968,24,1734,65,1447525500.966384
6975,2659,24,1733,65,1447525501.674243
263,5508,24,1732,65,1447525502.409507
6757,1388,24,1731,65,1447525504.226361
263,6757,24,1730,65,1447525504.950389
4104,37,24,1729,65,1447525505.684016
4202,4580,25,1728,65,1447525506.402083
4580,3697,25,1727,65,1447525508.194167
3156,3277,25,1726,65,1447525508.898001
3277,3505,25,1725,65,1447525509.598222
314,3967,26,1724,65,1447525510.296628
3966,3967,26,1723,65,1447525512.065569
4252,3968,26,1722,65,1447525512.743083
4305,3510,26,1721,65,1447525513.446239
155,7222,26,1720,65,1447525514.148217
1824,3393,26,1719,65,1447525515.931204
3399,5619,26,1718,65,1447525516.596887
1770,3968,26,1717,65,1447525517.286366
3967,3968,26,1716,65,1447525517.990720
314,3396,26,1715,65,1447525519.773390
1709,1824,26,1714,65,1447525520.464841
4628,5939,27,1713,58,1447525521.167823
6163,5940,27,1712,58,1447525521.876981
3047,5937,27,1711,58,1447525523.670032
5436,4628,27,1710,58,1447525524.338592
257,694,27,1709,58,1447525525.028044
694,696,27,1708,58,1447525525.706520
694,5169,27,1707,58,1447525526.376971
155,3397,28,1706,56,1447525528.146755
314,3627,28,1705,56,1447525528.816727
155,314,28,1704,56,1447525529.451755
5392,6677,29,1703,56,1447525530.089836
86,1014,29,1702,56,1447525531.808942
5042,5163,30,1701,56,1447525532.451565
5163,1759,30,1700,56,1447525533.073091
5162,5713,30,1699,56,1447525533.741138
7201,3429,30,1698,56,1447525535.449653
2113,2286,30,1697,56,1447525536.062820
2797,3403,30,1696,56,1447525536.700785
4384,2173,30,1695,56,1447525537.348142
2213,1315,30,1694,56,1447525539.070528
2114,3334,30,1693,56,1447525539.706015
4383,4385,30,1692,56,1447525540.376321
6735,5167,31,1691,53,1447525540.991191
7307,7203,31,1690,53,1447525542.709962
3431,1860,31,1689,53,1447525543.332584
3432,1857,31,1688,53,1447525543.958027
7308,7256,31,1687,53,1447525544.614819
7308,4386,31,1686,53,1447525546.313107
511,5166,32,1685,53,1447525546.906818
5167,5716,32,1684,53,1447525547.513605
5162,5163,32,1683,53,1447525548.127756
217,4623,32,1682,53,1447525549.819803
259,5168,32,1681,53,1447525550.443584
4155,5168,32,1680,53,1447525551.065240
6164,4155,32,1679,53,1447525551.685835
4253,5324,33,1678,47,1447525552.310622
4253,3970,33,1677,47,1447525554.009228
3209,3396,33,1676,47,1447525554.660013
3396,3627,33,1675,47,1447525555.288940
2524,6903,34,1674,47,1447525555.904121
2521,482,34,1673,47,1447525557.599918
1477,1985,34,1672,47,1447525558.201833
1085,531,34,1671,47,1447525558.791301
3044,1768,34,1670,47,1447525559.388202
141,3095,35,1669,47,1447525561.057870
3095,1102,35,1668,47,1447525561.632969
263,1388,35,1667,47,1447525562.195660
2415,7310,36,1666,47,1447525562.769089
3395,1825,36,1665,47,1447525564.435056
3395,5445,36,1664,47,1447525565.015330
3327,1312,36,1663,47,1447525565.625153
2108,1826,36,1662,47,1447525566.227046
2108,3326,36,1661,47,1447525567.882158
2284,2172,36,1660,47,1447525568.478766
2108,2172,36,1659,47,1447525569.045755
4629,6876,37,1658,47,1447525569.604107
5941,1763,37,1657,47,1447525571.238627
5941,4629,37,1656,47,1447525571.808117
6606,3557,37,1655,47,1447525572.389992
1682,5908,38,1654,47,1447525572.951777
2751,5316,38,1653,47,1447525574.646361
2212,5557,38,1652,47,1447525575.203717
2058,6529,38,1651,47,1447525575.749191
2059,786,38,1650,47,1447525576.311253
6493,6582,38,1649,47,1447525576.862774
2211,6524,38,1648,47,1447525578.503890
6529,1324,38,1647,47,1447525579.052946
2212,1324,38,1646,47,1447525579.625916
134,6528,38,1645,47,1447525580.189590
134,6524,38,1644,47,1447525581.827903
6493,6494,38,1643,47,1447525582.379631
6495,1449,38,1642,47,1447525582.977336
483,5797,39,1641,45,1447525583.530007
2414,363,39,1640,45,1447525585.191840
3435,1865,39,1639,45,1447525585.738150
3436,1865,39,1638,45,1447525586.314760
3436,1117,39,1637,45,1447525586.872730
364,7207,39,1636,45,1447525588.505440
2240,5712,40,1635,39,1447525589.056274
2240,3759,40,1634,39,1447525589.612614
6674,5712,40,1633,39,1447525590.158341
5712,3759,40,1632,39,1447525591.807129
4132,6673,40,1631,39,1447525592.358862
4132,5559,40,1630,39,1447525592.889949
4211,6672,40,1629,39,1447525593.451479
5316,3810,41,1628,39,1447525595.043514
2754,3810,41,1627,39,1447525595.569162
3158,6627,41,1626,39,1447525596.090894
2522,154,42,1625,39,1447525596.618566
2416,7267,42,1624,39,1447525598.206665
5913,5923,42,1623,39,1447525598.774720
3289,4030,43,1622,39,1447525599.462479
6666,4030,43,1621,39,1447525599.994505
5210,4579,43,1620,39,1447525600.522131
6666,5210,43,1619,39,1447525602.157579
6669,5276,43,1618,39,1447525602.721675
6669,4581,43,1617,39,1447525603.245844
6668,4581,43,1616,39,1447525603.770233
5130,5850,44,1615,35,1447525605.442786
5850,1717,44,1614,35,1447525605.930705
507,5850,44,1613,35,1447525606.436389
5213,5277,45,1612,35,1447525606.928268
4206,3702,45,1611,35,1447525608.519166
2421,2422,46,1610,35,1447525609.037224
496,7251,46,1609,35,1447525609.530892
3429,3430,46,1608,35,1447525610.032928
2286,4384,46,1607,35,1447525611.616463
3043,1989,47,1606,34,1447525612.126487
664,7204,47,1605,34,1447525612.675236
3814,2758,47,1604,34,1447525613.201514
131,2474,47,1603,34,1447525614.769745
142,6605,47,1602,34,1447525615.279376
6741,2986,47,1601,34,1447525615.769833
696,5940,47,1600,34,1447525616.264352
4629,1763,47,1599,34,1447525617.831584
2477,3439,48,1598,34,1447525618.329763
303,7314,48,1597,34,1447525618.831599
1822,1362,48,1596,34,1447525619.348398
1822,1823,48,1595,34,1447525620.911516
1760,4220,49,1594,34,1447525621.429257
638,5483,49,1593,34,1447525621.910343
639,5483,49,1592,34,1447525622.429778
6165,6734,49,1591,34,1447525622.932781
1760,3057,49,1590,34,1447525624.528535
1760,5483,49,1589,34,1447525625.040212
125,3556,49,1588,34,1447525625.546349
511,5164,50,1587,34,1447525626.045336
7026,4984,50,1586,34,1447525627.617358
4983,4984,50,1585,34,1447525628.104336
5164,1504,50,1584,34,1447525628.623086
7026,5164,50,1583,34,1447525629.146935
217,5162,50,1582,34,1447525630.718596
1767,5857,51,1581,34,1447525631.185682
5921,1767,51,1580,34,1447525631.695131
7263,5921,51,1579,34,1447525632.193595
5805,2531,51,1578,34,1447525633.752016
4950,3045,52,1577,34,1447525634.226071
4950,5440,52,1576,34,1447525634.698179
6902,1150,52,1575,34,1447525635.172171
6435,3045,52,1574,34,1447525636.779589
2470,2410,53,1573,34,1447525637.280287
2471,7305,53,1572,34,1447525637.765626
7254,1858,53,1571,34,1447525638.249005
7202,1861,53,1570,34,1447525639.820997
1503,4034,54,1569,28,1447525640.296606
7026,1503,54,1568,28,1447525640.769443
4625,5390,54,1567,28,1447525641.235095
940,3042,55,1566,28,1447525642.806921
7253,941,55,1565,28,1447525643.282346
942,1991,55,1564,28,1447525643.747498
2797,1315,55,1563,28,1447525644.222859
5807,2409,55,1562,28,1447525644.687445
6259,5907,56,1561,28,1447525646.231845
39,3463,56,1560,28,1447525646.681600
3814,3284,56,1559,28,1447525647.177142
5320,3509,56,1558,28,1447525647.656027
1319,1740,57,1557,28,1447525649.202574
2293,7206,57,1556,28,1447525649.669381
2802,3843,57,1555,28,1447525650.133450
978,5438,58,1554,28,1447525650.605530
1983,977,58,1553,28,1447525652.131135
6259,5438,58,1552,28,1447525652.602593
7220,5438,58,1551,28,1447525653.057091
363,5797,58,1550,28,1447525653.546496
3211,3214,59,1549,27,1447525655.083830
3326,2283,60,1548,27,1447525655.540140
3326,3328,60,1547,27,1447525656.001343
5318,3816,61,1546,27,1447525656.466006
2179,3160,61,1545,27,1447525657.999546
2179,5318,61,1544,27,1447525658.470276
6532,666,61,1543,27,1447525658.916287
6532,6583,61,1542,27,1447525659.384697
6494,6531,61,1541,27,1447525660.912930
5749,3815,62,1540,26,1447525661.359327
2178,3160,62,1539,26,1447525661.786264
2178,4387,62,1538,26,1447525662.251499
302,7311,63,1537,26,1447525663.795354
300,7311,63,1536,26,1447525664.269296
2417,6106,63,1535,26,1447525664.723265
297,6106,63,1534,26,1447525665.187718
371,2420,63,1533,26,1447525665.643235
297,7309,63,1532,26,1447525667.212122
4196,4576,64,1531,25,1447525667.668267
4576,3693,64,1530,25,1447525668.121188
611,2937,64,1529,25,1447525668.576252
5391,3693,64,1528,25,1447525670.130271
2937,1014,64,1527,25,1447525670.566621
1014,5391,64,1526,25,1447525671.028428
1014,1275,64,1525,25,1447525671.482958
3350,1968,65,1524,25,1447525673.029410
4135,3871,65,1523,25,1447525673.502086
3213,3696,66,1522,25,1447525673.943129
4308,4578,66,1521,25,1447525674.413756
4578,3695,66,1520,25,1447525675.944802
3213,4579,66,1519,25,1447525676.396144
4386,1863,67,1518,25,1447525676.836751
131,2412,67,1517,25,1447525677.266452
131,2411,67,1516,25,1447525678.788221
7257,1861,67,1515,25,1447525679.229056
131,7257,67,1514,25,1447525679.721066
2240,1330,68,1513,22,1447525680.205664
2414,1866,68,1512,22,1447525681.736835
3442,1867,68,1511,22,1447525682.177769
2171,5323,69,1510,22,1447525682.636600
2174,2289,69,1509,22,1447525683.072746
2289,2800,69,1508,22,1447525684.595747
2174,3841,69,1507,22,1447525685.033473
2291,3841,69,1506,22,1447525685.503089
5620,3842,69,1505,22,1447525685.942358
1162,3335,69,1504,22,1447525686.388213
7269,3401,70,1503,22,1447525687.892653
2749,3330,70,1502,22,1447525688.341817
2749,3091,70,1501,22,1447525688.778401
1111,1313,70,1500,22,1447525689.208417
6987,3329,70,1499,22,1447525690.694392
1112,1313,70,1498,22,1447525691.104837
2171,3398,71,1497,22,1447525691.545170
2170,4309,71,1496,22,1447525691.958126
6854,2796,71,1495,22,1447525693.449350
4309,6854,71,1494,22,1447525693.886028
488,1987,72,1493,22,1447525694.326490
2660,3093,72,1492,22,1447525694.740529
6695,1659,72,1491,22,1447525696.260363
2135,3093,72,1490,22,1447525696.696193
5342,1661,72,1489,22,1447525697.146842
495,1484,73,1488,22,1447525697.617611
5799,1986,73,1487,22,1447525699.129790
5921,5857,73,1486,22,1447525699.555554
1331,3706,74,1485,22,1447525699.982390
4033,3706,74,1484,22,1447525700.427209
5218,3706,74,1483,22,1447525701.949048
5325,3286,75,1482,22,1447525702.378955
5322,3464,75,1481,22,1447525702.820384
3286,3464,75,1480,22,1447525703.271085
215,3628,75,1479,22,1447525704.769902
4305,5324,75,1478,22,1447525705.192903
3396,3628,75,1477,22,1447525705.598984
7220,7266,76,1476,22,1447525706.033009
6259,5437,76,1475,22,1447525706.458473
977,7266,76,1474,22,1447525707.963245
5855,5804,77,1473,22,1447525708.383906
2529,5803,77,1472,22,1447525708.801248
2558,1717,77,1471,22,1447525709.214378
507,1717,77,1470,22,1447525710.733062
79,5909,78,1469,22,1447525711.134543
2421,303,78,1468,22,1447525711.561008
365,3898,78,1467,22,1447525711.987381
2476,1357,78,1466,22,1447525713.495864
4153,6525,79,1465,22,1447525713.905006
3096,2759,79,1464,22,1447525714.348348
4137,1118,79,1463,22,1447525714.771364
5000,5042,79,1462,22,1447525716.285247
4214,1721,79,1461,22,1447525716.693908
4623,5713,79,1460,22,1447525717.116253
5163,5713,79,1459,22,1447525717.551806
4204,5385,80,1458,22,1447525719.051780
3443,1481,80,1457,22,1447525719.461177
3443,1480,80,1456,22,1447525719.870169
1358,5914,80,1455,22,1447525720.306751
2522,1358,80,1454,22,1447525721.806502
2211,5822,81,1453,22,1447525722.210988
4153,4154,81,1452,22,1447525722.623476
6525,5986,81,1451,22,1447525723.035935
2555,5986,81,1450,22,1447525724.525207
6530,2555,81,1449,22,1447525724.921100
6530,6531,81,1448,22,1447525725.303684
4576,2937,82,1447,20,1447525725.702549
4306,3694,82,1446,20,1447525726.142524
6667,3813,83,1445,20,1447525727.624415
3157,3812,83,1444,20,1447525728.032142
2755,3280,83,1443,20,1447525728.454279
4200,6667,83,1442,20,1447525728.860791
2754,5316,83,1441,20,1447525730.358318
5273,4577,83,1440,20,1447525730.773600
4248,1163,84,1439,20,1447525731.186771
3625,3626,84,1438,20,1447525731.609301
2760,3208,84,1437,20,1447525733.104789
4248,2757,84,1436,20,1447525733.519078
2757,3283,84,1435,20,1447525733.943376
2760,1102,84,1434,20,1447525734.361902
669,5280,85,1433,20,1447525735.879401
1329,5712,85,1432,20,1447525736.296104
669,6974,85,1431,20,1447525736.722061
4558,1984,86,1430,20,1447525737.132907
481,1476,86,1429,20,1447525738.588427
5381,5909,86,1428,20,1447525738.999315
482,1477,86,1427,20,1447525739.398948
455,5274,87,1426,20,1447525739.801184
4583,5035,87,1425,20,1447525741.302456
4204,5210,87,1424,20,1447525741.686746
6733,3707,88,1423,20,1447525742.091420
5037,5217,88,1422,20,1447525742.495160
5218,4033,88,1421,20,1447525742.896176
5217,3707,88,1420,20,1447525744.375207
3255,4220,88,1419,20,1447525744.771978
672,5834,88,1418,20,1447525745.174791
672,4220,88,1417,20,1447525745.592630
1760,638,88,1416,20,1447525747.065459
4202,196,89,1415,18,1447525747.468782
455,5214,89,1414,18,1447525747.883094
4202,3281,89,1413,18,1447525748.296568
4208,5217,90,1412,18,1447525749.783624
4208,4211,90,1411,18,1447525750.154172
5218,3707,90,1410,18,1447525750.560415
4211,5278,90,1409,18,1447525750.952529
2408,7253,91,1408,18,1447525752.417453
7252,7201,91,1407,18,1447525752.811850
3179,1242,92,1406,18,1447525753.217515
4625,3179,92,1405,18,1447525753.603247
6163,256,93,1404,18,1447525755.113429
6162,3685,93,1403,18,1447525755.522092
255,256,93,1402,18,1447525755.939411
6087,6086,93,1401,18,1447525756.334656
6087,610,93,1400,18,1447525757.821733
5041,5718,94,1399,18,1447525758.191411
5220,5041,94,1398,18,1447525758.602711
86,5041,94,1397,18,1447525758.993331
1280,3647,95,1396,18,1447525760.484473
5827,5444,95,1395,18,1447525760.860491
7265,1081,95,1394,18,1447525761.251650
6604,6739,95,1393,18,1447525761.628481
3338,4388,95,1392,18,1447525762.041670
2586,2179,95,1391,18,1447525763.524492
1360,3448,96,1390,18,1447525763.904149
2418,3325,96,1389,18,1447525764.316620
3448,1870,96,1388,18,1447525764.732708
6988,1316,97,1387,18,1447525766.209010
4389,1114,97,1386,18,1447525766.594026
2803,1113,97,1385,18,1447525766.964414
4389,1113,97,1384,18,1447525767.374450
3398,3969,98,1383,18,1447525768.856373
2170,6854,98,1382,18,1447525769.265760
5619,3627,98,1381,18,1447525769.655226
155,3627,98,1380,18,1447525770.069609
5317,3624,99,1379,18,1447525771.526489
368,2479,100,1378,18,1447525771.914303
2479,6106,100,1377,18,1447525772.304555
6526,5532,101,1376,18,1447525772.685475
5532,5822,101,1375,18,1447525774.158088
6526,6527,101,1374,18,1447525774.533078
132,2473,102,1373,18,1447525774.946573
6738,4785,103,1372,18,1447525775.361363
6738,6093,103,1371,18,1447525776.838421
5169,5170,103,1370,18,1447525777.216831
696,5169,103,1369,18,1447525777.607612
4308,3100,104,1368,18,1447525777.989193
4310,3971,104,1367,18,1447525779.451725
1708,4250,105,1366,18,1447525779.857459
84,3046,105,1365,18,1447525780.260174
1708,84,105,1364,18,1447525780.636765
4251,1824,105,1363,18,1447525781.006277
4250,1824,105,1362,18,1447525782.468321
6436,7267,106,1361,18,1447525782.867137
1115,7267,106,1360,18,1447525783.250169
2415,7267,106,1359,18,1447525783.622378
7267,3402,106,1358,18,1447525785.066619
3332,1314,106,1357,18,1447525785.438206
4104,3094,107,1356,18,1447525785.832042
6695,3094,107,1355,18,1447525786.210052
2135,6695,107,1354,18,1447525787.671015
2107,2166,108,1353,18,1447525788.042924
2106,2167,108,1352,18,1447525788.427996
3193,4221,109,1351,18,1447525788.819085
4224,672,109,1350,18,1447525790.303596
672,3255,109,1349,18,1447525790.683858
672,3193,109,1348,18,1447525791.050137
4443,4556,110,1347,18,1447525791.429353
4950,1082,110,1346,18,1447525792.912798
528,6902,110,1345,18,1447525793.298546
7314,1362,111,1344,15,1447525793.690484
304,373,111,1343,15,1447525794.064022
2521,2524,112,1342,15,1447525795.560151
5800,5918,112,1341,15,1447525795.914252
1484,1987,112,1340,15,1447525796.297552
5441,1479,113,1339,15,1447525796.665490
1481,5914,113,1338,15,1447525798.115331
6498,4033,113,1337,15,1447525798.502656
5441,6403,114,1336,15,1447525798.862262
4731,695,115,1335,15,1447525799.243725
6676,695,115,1334,15,1447525799.620616
7150,5171,115,1333,15,1447525801.069071
4629,5171,115,1332,15,1447525801.451310
4207,3702,116,1331,15,1447525801.832468
4212,5220,116,1330,15,1447525802.230327
2532,5859,117,1329,15,1447525803.679623
5922,5806,117,1328,15,1447525804.059110
5807,1991,117,1327,15,1447525804.469121
1742,3846,118,1326,15,1447525804.848865
1657,5444,119,1325,15,1447525806.317745
1081,527,119,1324,15,1447525806.671737
1082,3647,119,1323,15,1447525807.046276
80,1082,119,1322,15,1447525807.420829
6435,1082,119,1321,15,1447525808.857964
2413,2801,120,1320,14,1447525809.239972
2474,2176,120,1319,14,1447525809.609709
2412,3337,120,1318,14,1447525809.974175
3210,3400,121,1317,14,1447525811.420857
3210,5325,121,1316,14,1447525811.808783
1120,5325,121,1315,14,1447525812.161177
2058,5557,122,1314,14,1447525812.523204
1741,5558,122,1313,14,1447525813.974123
2213,3403,123,1312,14,1447525814.359097
5620,3841,123,1311,14,1447525814.768771
4252,5322,124,1310,14,1447525815.131299
5322,3286,124,1309,14,1447525816.618171
4557,5440,125,1308,14,1447525816.972347
7264,3460,125,1307,14,1447525817.353144
136,1354,126,1306,14,1447525817.720499
7306,5130,127,1305,14,1447525818.101792
6144,5707,127,1304,14,1447525819.586233
3280,3812,128,1303,14,1447525819.966112
3092,3813,128,1302,14,1447525820.340684
2752,3092,128,1301,14,1447525820.700519
1163,3625,129,1300,14,1447525822.155686
1328,5508,130,1299,14,1447525822.537115
6757,5508,130,1298,14,1447525822.914588
5508,5663,130,1297,14,1447525823.307815
3094,5663,130,1296,14,1447525824.757262
3506,3810,131,1295,14,1447525825.131496
2427,3156,131,1294,14,1447525825.512723
3089,3505,131,1293,14,1447525825.880326
4137,6437,132,1292,14,1447525827.327102
5221,6437,132,1291,14,1447525827.699724
5221,5039,132,1290,14,1447525828.052660
5855,986,133,1289,14,1447525828.415922
156,376,134,1288,14,1447525829.861469
255,6086,134,1287,14,1447525830.228276
156,255,134,1286,14,1447525830.583963
2168,7222,135,1285,14,1447525830.950315
2168,3393,135,1284,14,1447525832.408768
1709,3393,135,1283,14,1447525832.769342
1480,5914,136,1282,14,1447525833.115498
1479,1481,136,1281,14,1447525833.478614
642,3494,137,1280,14,1447525834.955751
6877,3494,137,1279,14,1447525835.344405
2750,3504,138,1278,14,1447525835.711026
7305,1858,139,1277,14,1447525836.084967
3327,1825,139,1276,14,1447525836.477847
2167,1311,139,1275,14,1447525837.903657
3327,1311,139,1274,14,1447525838.267808
300,302,140,1273,14,1447525838.622021
1360,1870,140,1272,14,1447525838.987622
2418,1360,140,1271,14,1447525840.443141
1868,3440,141,1270,14,1447525840.779586
1865,1866,141,1269,14,1447525841.143019
296,1866,141,1268,14,1447525841.505134
124,6094,142,1267,14,1447525842.985005
124,3492,142,1266,14,1447525843.355510
3057,3492,142,1265,14,1447525843.736631
6165,3057,142,1264,14,1447525844.085260
4210,5215,143,1263,14,1447525845.545286
5279,5038,143,1262,14,1447525845.916154
4210,6974,143,1261,14,1447525846.283910
6903,976,144,1260,14,1447525846.637499
482,5381,144,1259,14,1447525848.063671
976,1149,144,1258,14,1447525848.419220
6436,1115,145,1257,14,1447525848.762612
6436,3331,145,1256,14,1447525849.110028
2478,3331,145,1255,14,1447525850.557770
3441,3447,146,1254,14,1447525850.912578
7313,3899,146,1253,14,1447525851.275189
366,3447,146,1252,14,1447525851.642294
366,3446,146,1251,14,1447525853.087099
4248,3409,147,1250,14,1447525853.451808
4248,6628,147,1249,14,1447525853.808454
4248,3626,147,1248,14,1447525854.168321
4029,4306,148,1247,14,1447525854.549353
6190,611,148,1246,14,1447525855.977844
3698,4031,149,1245,14,1447525856.347755
3700,6671,149,1244,14,1447525856.715888
1502,3701,149,1243,14,1447525857.074890
2282,2285,150,1242,14,1447525858.519125
2471,2410,151,1241,14,1447525858.862977
2530,1488,151,1240,14,1447525859.219267
5715,4624,152,1239,14,1447525859.574970
5389,4034,152,1238,14,1447525860.996291
5389,4624,152,1237,14,1447525861.369825
5390,4034,152,1236,14,1447525861.727914
1766,5999,153,1235,14,1447525862.088670
7252,3430,153,1234,14,1447525863.520540
7252,5999,153,1233,14,1447525863.862357
5922,5999,153,1232,14,1447525864.224061
5922,2532,153,1231,14,1447525864.573361
6735,5716,154,1230,14,1447525866.000922
4984,3315,154,1229,14,1447525866.359391
6735,4984,154,1228,14,1447525866.742422
5164,5166,154,1227,14,1447525867.100046
6605,2986,155,1226,14,1447525868.534209
6739,2986,155,1225,14,1447525868.872879
6606,4734,155,1224,14,1447525869.263332
6606,6093,155,1223,14,1447525869.621395
363,977,156,1222,14,1447525871.062898
3435,3434,156,1221,14,1447525871.450244
3435,1864,156,1220,14,1447525871.806909
3436,1864,156,1219,14,1447525872.163289
2475,1356,156,1218,14,1447525872.511072
1356,1498,156,1217,14,1447525873.925385
6741,5940,157,1216,12,1447525874.277936
6168,4731,157,1215,12,1447525874.620686
256,3685,158,1214,12,1447525874.988063
694,3047,158,1213,12,1447525876.434654
2269,266,159,1212,12,1447525876.810364
2326,3871,159,1211,12,1447525877.167234
2326,2327,159,1210,12,1447525877.530363
1062,3407,160,1209,12,1447525878.957094
449,3847,160,1208,12,1447525879.322650
451,3508,160,1207,12,1447525879.675488
5315,3502,161,1206,12,1447525880.029289
2587,1743,161,1205,12,1447525881.414689
5315,1743,161,1204,12,1447525881.756280
2749,3401,161,1203,12,1447525882.092661
7269,3329,162,1202,12,1447525882.463093
2109,3329,162,1201,12,1447525883.891341
3329,1312,162,1200,12,1447525884.273290
7256,1857,163,1199,12,1447525884.627650
7203,1320,163,1198,12,1447525884.976919
6797,1320,163,1197,12,1447525886.416236
1320,1857,163,1196,12,1447525886.753206
7305,1320,163,1195,12,1447525887.101040
2470,1320,163,1194,12,1447525887.443060
488,495,164,1193,10,1447525888.876723
5805,2525,164,1192,10,1447525889.227569
1476,5909,165,1191,10,1447525889.570174
79,1768,165,1190,10,1447525889.903649
3282,5749,166,1189,10,1447525890.261630
3162,5318,166,1188,10,1447525891.665407
3160,5318,166,1187,10,1447525891.991009
4200,2755,167,1186,10,1447525892.348687
4200,3158,167,1185,10,1447525892.712265
4580,3158,167,1184,10,1447525894.144058
4623,5000,168,1183,10,1447525894.496349
2103,303,169,1182,10,1447525894.842163
2102,1357,169,1181,10,1447525895.204517
5165,3359,170,1180,10,1447525896.634357
5165,1504,170,1179,10,1447525896.979574
2472,7255,171,1178,10,1447525897.324025
7306,1325,171,1177,10,1447525897.654304
1325,5804,171,1176,10,1447525899.065651
5856,1717,171,1175,10,1447525899.427593
78,3503,172,1174,10,1447525899.775764
2427,3503,172,1173,10,1447525900.132086
2427,3089,172,1172,10,1447525901.549658
2291,3842,173,1171,10,1447525901.899175
3276,3504,173,1170,10,1447525902.274029
7270,6677,174,1169,10,1447525902.604506
7270,3694,174,1168,10,1447525904.061257
2937,3694,174,1167,10,1447525904.433444
3100,3971,175,1166,10,1447525904.787753
3288,3630,175,1165,10,1447525905.155292
3211,3630,175,1164,10,1447525906.607170
3211,3629,175,1163,10,1447525906.951694
2173,3840,176,1162,10,1447525907.298069
2113,2290,176,1161,10,1447525907.643161
2290,3403,176,1160,10,1447525908.000007
141,1762,177,1159,10,1447525909.471403
141,6628,177,1158,10,1447525909.828491
6628,3626,177,1157,10,1447525910.159585
1983,5797,178,1156,10,1447525910.518358
5435,1682,178,1155,10,1447525911.969026
4442,593,178,1154,10,1447525912.340641
5211,5385,179,1153,10,1447525912.694587
5211,4030,179,1152,10,1447525913.046283
7307,3432,180,1151,10,1447525914.478116
2292,5621,180,1150,10,1447525914.842970
2115,2175,180,1149,10,1447525915.178001
1659,5830,181,1148,10,1447525915.540183
3104,3696,182,1147,10,1447525916.959103
4201,3104,182,1146,10,1447525917.318687
4201,6668,182,1145,10,1447525917.679170
3043,1767,183,1144,10,1447525918.040740
5858,1990,183,1143,10,1447525919.470043
1128,5484,184,1142,10,1447525919.821148
640,5484,184,1141,10,1447525920.170754
4224,640,184,1140,10,1447525920.537961
640,1128,184,1139,10,1447525921.994108
638,3255,184,1138,10,1447525922.365146
4225,3193,184,1137,10,1447525922.707524
4225,1128,184,1136,10,1447525923.061669
4209,5215,185,1135,9,1447525924.496973
4210,5038,185,1134,9,1447525924.830800
6672,3705,185,1133,9,1447525925.165686
6812,1679,186,1132,9,1447525925.531266
2593,3557,186,1131,9,1447525925.869875
642,6812,186,1130,9,1447525927.306443
7221,5854,187,1129,9,1447525927.643763
483,5908,187,1128,9,1447525927.975492
5036,3704,188,1127,9,1447525928.320879
85,3704,188,1126,9,1447525929.730927
5214,5274,189,1125,9,1447525930.070854
2758,3284,189,1124,9,1447525930.412969
5274,3284,189,1123,9,1447525930.750609
1280,5444,190,1122,9,1447525932.166782
83,4443,190,1121,9,1447525932.514225
4443,1116,190,1120,9,1447525932.877404
83,528,190,1119,9,1447525933.234753
7220,5437,191,1118,9,1447525934.647404
2475,1498,191,1117,9,1447525934.980877
978,1498,191,1116,9,1447525935.339762
4253,3209,192,1115,9,1447525935.693233
3098,5323,192,1114,9,1447525937.113598
2170,5323,192,1113,9,1447525937.443746
3098,3209,192,1112,9,1447525937.772198
3091,3330,193,1111,9,1447525938.116724
4382,7312,193,1110,9,1447525939.553568
2176,3337,194,1109,9,1447525939.896120
2177,3844,194,1108,9,1447525940.258929
6665,3813,195,1107,9,1447525940.603310
7177,6799,195,1106,9,1447525942.031183
6799,6800,195,1105,9,1447525942.378050
6529,786,195,1104,9,1447525942.688340
134,786,195,1103,9,1447525943.024269
134,5986,195,1102,9,1447525943.372376
4153,5986,195,1101,9,1447525944.767412
2211,5986,195,1100,9,1447525945.115926
6169,3492,196,1099,9,1447525945.465330
6166,6740,196,1098,9,1447525945.825317
666,4819,197,1097,9,1447525947.263275
2555,5532,197,1096,9,1447525947.608146
6525,2555,197,1095,9,1447525947.934819
7251,3429,198,1094,9,1447525948.280385
4383,497,198,1093,9,1447525949.677582
5042,1759,199,1092,9,1447525950.000139
5042,6088,199,1091,9,1447525950.356227
6437,5039,199,1090,9,1447525950.695944
4390,2799,200,1089,9,1447525952.112673
2799,1316,200,1088,9,1447525952.442985
2288,4390,200,1087,9,1447525952.770992
6667,3280,201,1086,9,1447525953.113069
4198,2752,201,1085,9,1447525954.528526
367,7309,202,1084,9,1447525954.878769
7306,5707,203,1083,9,1447525955.212658
7306,7255,203,1082,9,1447525955.559409
3159,3846,204,1081,9,1447525956.973385
3282,3846,204,1080,9,1447525957.323894
4133,2371,205,1079,9,1447525957.645911
4133,1388,205,1078,9,1447525957.977357
455,6670,206,1077,9,1447525959.408960
5275,3697,206,1076,9,1447525959.733597
4582,5275,206,1075,9,1447525960.067835
4582,5216,206,1074,9,1447525960.413677
455,3699,206,1073,9,1447525960.754553
979,3045,207,1072,9,1447525962.169268
81,484,207,1071,9,1447525962.509704
1120,3101,208,1070,9,1447525962.833024
6938,7009,208,1069,9,1447525963.173514
362,3439,209,1068,9,1447525964.589158
2421,365,209,1067,9,1447525964.924016
4785,5170,210,1066,9,1447525965.280103
6604,2986,210,1065,9,1447525965.633705
6604,5170,210,1064,9,1447525967.079801
2586,3816,211,1063,9,1447525967.445678
3407,3816,211,1062,9,1447525967.770490
5035,5387,212,1061,9,1447525968.106991
4205,5276,212,1060,9,1447525969.514369
5209,4581,212,1059,9,1447525969.850997
4381,2283,213,1058,9,1447525970.177445
2795,2283,213,1057,9,1447525970.518699
4208,5037,214,1056,9,1447525971.959882
5037,5036,214,1055,9,1447525972.294107
2287,2798,215,1054,9,1447525972.635742
987,1988,215,1053,9,1447525972.982053
492,493,215,1052,9,1447525974.405509
490,492,215,1051,9,1447525974.718317
2419,7311,216,1050,9,1447525975.049251
2419,298,216,1049,9,1447525975.394786
671,2334,217,1048,9,1447525976.824422
672,2334,217,1047,9,1447525977.141836
80,5827,218,1046,9,1447525977.496164
3647,5827,218,1045,9,1447525977.845184
258,4983,219,1044,9,1447525978.174265
258,4034,219,1043,9,1447525979.580489
6528,6581,220,1042,9,1447525979.914393
7205,1324,220,1041,9,1447525980.257564
6581,1324,220,1040,9,1447525980.592571
136,7206,220,1039,9,1447525982.012470
136,1740,220,1038,9,1447525982.349869
3210,3631,221,1037,9,1447525982.674446
2104,2794,222,1036,9,1447525983.015748
2104,2168,222,1035,9,1447525984.444683
4196,5383,223,1034,9,1447525984.787693
2135,2660,224,1033,9,1447525985.139525
2135,7177,224,1032,9,1447525985.489297
6494,442,225,1031,8,1447525986.883911
442,1715,225,1030,8,1447525987.220154
1120,3462,226,1029,8,1447525987.551956
3210,3464,226,1028,8,1447525987.863549
5441,5912,227,1027,8,1447525989.283734
716,1478,227,1026,8,1447525989.616963
370,3449,228,1025,8,1447525989.952849
2903,2904,228,1024,8,1447525990.301193
262,4627,229,1023,8,1447525991.683074
6738,5169,229,1022,8,1447525992.033368
2473,940,230,1021,8,1447525992.361396
941,1859,230,1020,8,1447525992.670982
2114,1315,230,1019,8,1447525993.002434
4558,1151,231,1018,8,1447525994.413926
4559,481,231,1017,8,1447525994.758530
976,5381,231,1016,8,1447525995.096077
6800,3094,232,1015,8,1447525995.420731
6758,6800,232,1014,8,1447525996.812468
2660,5281,232,1013,8,1447525997.155880
7177,5508,232,1012,8,1447525997.525857
3094,5508,232,1011,8,1447525997.853943
254,255,233,1010,7,1447525999.250428
5277,5388,233,1009,7,1447525999.584291
3700,4031,233,1008,7,1447525999.935215
3436,3435,234,1007,7,1447526000.289839
7207,1356,234,1006,7,1447526001.680919
1987,1986,235,1005,7,1447526002.022859
2524,1085,235,1004,7,1447526002.356456
5798,5918,235,1003,7,1447526002.684037
2521,1985,236,1002,7,1447526004.084190
5800,1989,236,1001,7,1447526004.410266
1484,5857,236,1000,7,1447526004.748039
2422,2477,237,999,7,1447526005.075440
3441,3899,237,998,7,1447526006.470574
3434,1355,238,997,7,1447526006.808427
3434,1864,238,996,7,1447526007.143951
977,978,238,995,7,1447526007.477884
1708,1871,239,994,7,1447526008.907392
3046,1871,239,993,7,1447526009.247794
6938,3046,239,992,7,1447526009.585693
2269,2328,240,991,7,1447526009.924271
82,6434,241,990,7,1447526010.266972
6434,1476,241,989,7,1447526011.671097
4309,2796,242,988,7,1447526011.988366
3510,1770,243,987,7,1447526012.325153
4250,4251,243,986,7,1447526012.681578
4250,1770,243,985,7,1447526014.077996
6498,6675,244,984,7,1447526014.407882
5319,3509,245,983,7,1447526014.755401
6495,5558,246,982,7,1447526015.091971
2059,6493,246,981,7,1447526016.487348
2559,3359,247,980,7,1447526016.805018
3357,3359,247,979,7,1447526017.131711
1242,3357,247,978,7,1447526017.463236
2587,5315,248,977,7,1447526018.861116
5315,3401,248,976,7,1447526019.194843
2107,3394,249,975,7,1447526019.518904
4380,3394,249,974,7,1447526019.844294
1311,1825,249,973,7,1447526021.283744
6797,7305,250,972,7,1447526021.609363
2470,6797,250,971,7,1447526021.930197
2411,2474,251,970,7,1447526022.258476
2411,2412,251,969,7,1447526023.667227
2413,2411,251,968,7,1447526023.984666
154,5923,252,967,7,1447526024.328604
3156,3506,253,966,7,1447526024.658463
3288,3289,254,965,7,1447526026.055117
3102,3289,254,964,7,1447526026.389682
6666,3213,254,963,7,1447526026.729453
7310,1358,255,962,6,1447526027.071876
2428,3444,255,961,6,1447526027.386969
2428,7310,255,960,6,1447526028.801644
2113,2173,256,959,6,1447526029.109302
5390,5219,257,958,6,1447526029.452145
6903,531,258,957,6,1447526029.793109
6734,5834,259,956,6,1447526031.204281
6711,4863,260,955,6,1447526031.536780
5129,3893,260,954,6,1447526031.853219
6711,3893,260,953,6,1447526032.174167
6163,5436,261,952,6,1447526033.590307
7177,2660,262,951,6,1447526033.916032
1128,3193,263,950,6,1447526034.261731
296,1117,264,949,6,1447526034.592417
1117,1865,264,948,6,1447526035.981229
364,3437,264,947,6,1447526036.329135
1477,1768,265,946,6,1447526036.660969
7222,3397,266,945,6,1447526037.001718
3966,3393,266,944,6,1447526038.377990
7252,1766,267,943,6,1447526038.697714
2408,1766,267,942,6,1447526039.036564
2408,3042,267,941,6,1447526039.372855
6188,7266,268,940,6,1447526040.757462
6259,3646,268,939,6,1447526041.085267
6665,4577,269,938,6,1447526041.411176
7254,7202,270,937,6,1447526041.736236
2530,7202,270,936,6,1447526043.178233
1475,5907,271,935,6,1447526043.517332
4442,1475,271,934,6,1447526043.866779
5167,5168,272,933,6,1447526044.218438
6164,1721,272,932,6,1447526044.532241
6712,5131,273,931,6,1447526045.925408
5822,4154,273,930,6,1447526046.260320
2287,7267,274,929,6,1447526046.590664
299,7267,274,928,6,1447526046.915524
2293,1319,275,927,6,1447526048.330234
1741,2802,275,926,6,1447526048.662525
255,376,276,925,6,1447526048.994099
6162,255,276,924,6,1447526049.326974
5215,5712,277,923,6,1447526050.728720
493,1486,278,922,6,1447526051.046684
2109,3330,279,921,6,1447526051.373364
2109,7269,279,920,6,1447526051.677133
3102,3288,280,919,6,1447526053.072974
3211,3288,280,918,6,1447526053.427440
5317,3277,281,917,6,1447526053.751672
3814,2753,281,916,6,1447526054.075689
39,2753,281,915,6,1447526055.470507
196,5274,282,914,6,1447526055.805811
2758,5274,282,913,6,1447526056.135088
1242,3359,283,912,6,1447526056.459201
4625,1242,283,911,6,1447526057.858420
3208,3626,284,910,6,1447526058.164316
1357,3898,285,909,6,1447526058.490663
303,3041,285,908,6,1447526058.824418
4029,611,286,907,6,1447526060.224544
155,5619,286,906,6,1447526060.543026
2793,3325,287,905,6,1447526060.875165
2792,2793,287,904,6,1447526061.190404
3044,5911,288,903,6,1447526061.507785
3043,5858,288,902,6,1447526062.914539
6741,5939,289,901,6,1447526063.261310
142,6741,289,900,6,1447526063.603018
4132,6674,290,899,6,1447526063.933377
4132,3706,290,898,6,1447526065.349081
4443,528,291,897,6,1447526065.665304
4308,4310,292,896,6,1447526065.974571
4211,1331,293,895,6,1447526066.295634
2240,1331,293,894,6,1447526067.696539
6664,4311,294,893,6,1447526068.009329
7256,1320,295,892,6,1447526068.323613
1320,1863,295,891,6,1447526068.657384
131,7256,295,890,6,1447526070.041087
131,1863,295,889,6,1447526070.365566
2558,507,296,888,6,1447526070.685746
6732,5392,297,887,6,1447526070.992011
5717,5936,297,886,6,1447526072.381404
259,6089,298,885,6,1447526072.689746
259,3315,298,884,6,1447526073.005166
6735,3315,298,883,6,1447526073.332133
4155,6089,298,882,6,1447526074.719621
1485,5799,299,881,5,1447526075.036503
2525,488,299,880,5,1447526075.380862
6213,6663,300,879,5,1447526075.712879
4029,6663,300,878,5,1447526077.093198
1983,5435,301,877,5,1447526077.409083
5438,5907,301,876,5,1447526077.711033
1983,5907,301,875,5,1447526078.005439
254,1119,302,874,5,1447526078.331924
376,1119,302,873,5,1447526079.715395
6162,376,302,872,5,1447526080.057609
2749,3502,303,871,5,1447526080.383097
4304,3090,303,870,5,1447526080.701825
1864,1355,304,869,5,1447526082.089668
2475,1355,304,868,5,1447526082.416887
2475,5437,304,867,5,1447526082.749314
2414,483,305,866,5,1447526083.082805
5854,1867,305,865,5,1447526084.459921
5039,6088,306,864,5,1447526084.772379
4389,1316,307,863,5,1447526085.102816
5316,3812,308,862,5,1447526085.455009
3092,3279,308,861,5,1447526086.867396
4209,3705,309,860,5,1447526087.213031
7265,527,310,859,5,1447526087.535143
83,527,310,858,5,1447526087.866891
1162,3334,311,857,5,1447526089.274205
2213,5620,311,856,5,1447526089.581590
134,4153,312,855,5,1447526089.889701
134,2211,312,854,5,1447526090.221851
3097,3968,313,853,5,1447526091.610943
4305,3968,313,852,5,1447526091.906823
4581,5276,314,851,5,1447526092.225680
1114,6988,315,850,5,1447526092.532915
1114,2904,315,849,5,1447526093.950951
496,7262,316,848,5,1447526094.274881
496,3430,316,847,5,1447526094.596490
1324,1740,317,846,5,1447526094.926548
7206,1324,317,845,5,1447526095.269806
455,4582,318,844,5,1447526096.668878
4137,5221,319,843,5,1447526096.988176
4213,5393,319,842,5,1447526097.298677
3104,3212,320,841,5,1447526097.620655
3212,4579,320,840,5,1447526098.988718
6669,4579,320,839,5,1447526099.322600
2409,942,321,838,5,1447526099.661366
2528,2529,322,837,5,1447526099.991289
985,986,322,836,5,1447526101.371657
6972,5987,323,835,5,1447526101.692058
642,7149,324,834,5,1447526102.014582
2593,7149,324,833,5,1447526102.371433
365,2476,325,832,5,1447526103.764773
362,2476,325,831,5,1447526104.091191
362,3438,325,830,5,1447526104.420592
6525,5532,326,829,5,1447526104.752387
6527,4819,326,828,5,1447526106.145139
2410,1488,327,827,5,1447526106.459972
494,7304,327,826,5,1447526106.765504
3327,1826,328,825,5,1447526107.076785
4136,4212,329,824,5,1447526108.463919
4212,5718,329,823,5,1447526108.790551
4136,5213,329,822,5,1447526109.117110
5323,3969,330,821,5,1447526109.441654
1328,5663,331,820,5,1447526110.810745
3628,3970,332,819,5,1447526111.128924
5325,3400,332,818,5,1447526111.444368
5325,3970,332,817,5,1447526111.747653
304,1869,333,816,5,1447526112.071549
304,7313,333,815,5,1447526113.481688
2175,5621,334,814,5,1447526113.820855
4225,640,335,813,5,1447526114.142790
639,3556,335,812,5,1447526114.492834
640,3556,335,811,5,1447526115.879817
3338,3847,336,810,5,1447526116.196201
2586,3407,336,809,5,1447526116.520831
7253,7201,337,808,5,1447526116.833526
2286,2797,337,807,5,1447526118.220136
6628,1762,338,806,5,1447526118.518869
6628,3409,338,805,5,1447526118.838212
124,125,339,804,5,1447526119.141654
81,3045,340,803,5,1447526120.524460
4388,3845,341,802,5,1447526120.814223
2178,2179,341,801,5,1447526121.141338
2115,2292,342,800,5,1447526121.475671
6169,6740,343,799,5,1447526122.839493
2170,3285,344,798,5,1447526123.153462
6676,5171,345,797,5,1447526123.486685
6676,5939,345,796,5,1447526123.797387
4731,5939,345,795,5,1447526125.208564
6673,5559,346,794,5,1447526125.534044
6673,1276,346,793,5,1447526125.845281
669,1276,346,792,5,1447526126.180294
4557,3460,347,791,5,1447526127.588992
1150,3461,347,790,5,1447526127.908632
2531,7263,348,789,5,1447526128.236661
4629,7150,349,788,5,1447526128.537302
86,5220,350,787,5,1447526128.876845
4584,5386,350,786,5,1447526130.269472
5220,4584,350,785,5,1447526130.595583
300,2417,351,784,5,1447526130.923409
300,1360,351,783,5,1447526131.250847
215,3286,352,782,5,1447526132.608221
3701,6671,353,781,5,1447526132.909148
2754,3157,354,780,5,1447526133.219298
4984,5164,355,779,5,1447526133.534755
4224,3255,356,778,5,1447526134.915431
1111,6987,357,777,5,1447526135.254489
2587,6987,357,776,5,1447526135.563513
2587,3401,357,775,5,1447526135.908670
3161,3507,358,774,5,1447526137.293633
3509,3624,358,773,5,1447526137.610181
716,5441,359,772,5,1447526137.935618
5441,1481,359,771,5,1447526138.280604
1503,1504,360,770,5,1447526139.676804
3359,1504,360,769,5,1447526140.018591
4205,5387,361,768,5,1447526140.342049
593,1682,362,767,5,1447526140.659344
3214,3215,363,766,5,1447526142.071800
6605,6739,364,765,5,1447526142.402456
6605,1763,364,764,5,1447526142.753108
2371,1968,365,763,5,1447526143.060850
2371,1388,365,762,5,1447526144.457965
296,1865,366,761,5,1447526144.788976
3440,1865,366,760,5,1447526145.092402
6530,6582,367,759,5,1447526145.417202
6530,5986,367,758,5,1447526145.724706
2751,3810,368,757,5,1447526147.114694
2427,3810,368,756,5,1447526147.436028
2480,1870,369,755,5,1447526147.778984
2418,2480,369,754,5,1447526148.130999
302,1870,369,753,5,1447526149.513922
2418,2420,369,752,5,1447526149.833969
4197,5212,370,751,5,1447526150.139052
4197,5211,370,750,5,1447526150.464100
2327,3303,371,749,5,1447526151.853414
2328,3303,371,748,5,1447526152.168075
7312,2172,372,747,5,1447526152.505567
2109,7312,372,746,5,1447526152.821327
3089,3155,373,745,5,1447526154.196333
3089,3503,373,744,5,1447526154.520116
363,3435,374,743,5,1447526154.844898
2474,2412,375,742,5,1447526155.157099
2752,3813,376,741,5,1447526156.546350
5040,5715,377,740,5,1447526156.871003
5040,5219,377,739,5,1447526157.191082
6695,5342,378,738,5,1447526157.519645
4384,3429,379,737,5,1447526158.893265
5318,5749,380,736,5,1447526159.208430
3042,1991,381,735,5,1447526159.523540
3042,1766,381,734,5,1447526159.822639
6437,1118,382,733,5,1447526161.244912
6437,5042,382,732,5,1447526161.567368
6604,4785,383,731,5,1447526161.880264
6604,4734,383,730,5,1447526162.180163
3210,3287,384,729,5,1447526162.512730
3101,3210,384,728,5,1447526163.905576
5807,5806,385,727,5,1447526164.194271
5275,6670,386,726,5,1447526164.499567
5216,6670,386,725,5,1447526164.828275
2416,3444,387,724,5,1447526166.237504
2521,5800,388,723,5,1447526166.541534
2524,5918,389,722,5,1447526166.848480
3629,3630,390,721,5,1447526167.174106
4559,1151,391,720,5,1447526168.540487
3446,3447,392,719,5,1447526168.851404
3446,1869,392,718,5,1447526169.177514
4155,259,393,717,5,1447526169.489930
1479,5914,394,716,5,1447526170.866013
1479,5913,394,715,5,1447526171.162326
1985,1989,395,714,5,1447526171.512964
3872,4051,396,713,5,1447526171.836279
3179,4051,396,712,5,1447526173.237190
80,6435,397,711,5,1447526173.555025
6168,4628,398,710,5,1447526173.883399
2174,2800,399,709,5,1447526174.208755
3276,2800,399,708,5,1447526175.585566
4380,2107,400,707,5,1447526175.917573
6877,1679,401,706,5,1447526176.223433
642,6877,401,705,5,1447526176.551793
6713,5129,402,704,5,1447526177.908581
940,941,403,703,5,1447526178.225195
2473,1859,404,702,5,1447526178.543526
256,257,405,701,5,1447526178.858265
256,6087,405,700,5,1447526179.169612
2758,3463,406,699,5,1447526180.553524
196,2758,406,698,5,1447526180.865070
1163,2757,407,697,5,1447526181.187760
3096,1163,407,696,5,1447526181.499346
6760,2373,408,695,5,1447526182.870400
2326,2373,408,694,5,1447526183.213179
3350,2373,408,693,5,1447526183.549806
4556,6902,409,692,4,1447526183.858247
2103,1822,410,691,4,1447526185.231342
1822,3392,410,690,4,1447526185.534510
3160,3162,411,689,4,1447526185.843901
3159,3160,411,688,4,1447526186.158817
7203,3431,412,687,4,1447526187.552901
6797,3431,412,686,4,1447526187.862987
2289,3841,413,685,4,1447526188.165788
2290,3841,413,684,4,1447526188.473663
7268,5322,414,683,4,1447526189.870436
3097,5322,414,682,4,1447526190.169794
4622,610,415,681,4,1447526190.492676
610,6086,415,680,4,1447526190.786187
7262,3430,416,679,4,1447526192.182955
3430,5999,416,678,4,1447526192.491549
484,980,417,677,4,1447526192.822202
2108,4381,418,676,4,1447526193.130424
2108,2284,418,675,4,1447526194.523740
39,3814,419,674,4,1447526194.837739
2111,2796,420,673,4,1447526195.124108
2110,2796,420,672,4,1447526195.458628
1868,1866,421,671,4,1447526195.759261
3442,1866,421,670,4,1447526197.139964
664,3433,422,669,4,1447526197.449547
2411,3433,422,668,4,1447526197.746905
6758,5281,423,667,4,1447526198.073672
6758,5508,423,666,4,1447526199.447722
5214,5320,424,665,4,1447526199.748177
1085,5798,425,664,4,1447526200.078465
6494,1449,426,663,4,1447526200.403440
4580,5384,427,662,4,1447526201.781489
4200,4580,427,661,4,1447526202.094472
2326,3350,428,660,4,1447526202.397336
6760,3350,428,659,4,1447526202.726549
4249,2760,429,658,4,1447526204.128245
2760,3625,429,657,4,1447526204.441429
3459,1314,430,656,4,1447526204.755900
7267,1314,430,655,4,1447526205.077808
1062,3508,431,654,4,1447526206.463335
6190,4306,432,653,4,1447526206.783561
6674,3759,433,652,4,1447526207.109470
1330,3759,433,651,4,1447526207.425566
3409,2659,434,650,4,1447526208.815090
1762,3409,434,649,4,1447526209.122871
373,1362,435,648,4,1447526209.457052
2168,2794,436,647,4,1447526209.767990
2168,3399,436,646,4,1447526211.173330
301,3448,437,645,4,1447526211.492720
3325,3448,437,644,4,1447526211.807089
671,672,438,643,4,1447526212.119106
672,7129,438,642,4,1447526212.428833
1992,1769,439,641,4,1447526213.798575
497,1769,439,640,4,1447526214.097796
1325,5856,440,639,4,1447526214.431596
2472,1325,440,638,4,1447526214.740219
297,3445,441,637,4,1447526216.133155
297,2417,441,636,4,1447526216.445707
2288,2799,442,635,4,1447526216.771002
1116,5444,443,634,4,1447526217.093321
7265,5444,443,633,4,1447526218.462436
5213,3702,444,632,4,1447526218.788824
981,7221,445,631,4,1447526219.091194
1115,3402,446,630,4,1447526219.412316
1115,3331,446,629,4,1447526220.775781
5805,495,447,628,4,1447526221.096733
4208,5036,448,627,4,1447526221.430510
5210,5385,449,626,4,1447526221.735099
1275,5391,450,625,4,1447526223.101862
7270,1275,450,624,4,1447526223.417395
4558,481,451,623,4,1447526223.742167
2478,154,452,622,4,1447526224.047457
6436,2478,452,621,4,1447526225.435296
367,6106,453,620,4,1447526225.748505
2110,2112,454,619,4,1447526226.045702
2110,2111,454,618,4,1447526226.369570
7304,2410,455,617,4,1447526227.728631
366,2477,456,616,4,1447526228.043268
2477,3441,456,615,4,1447526228.364928
4622,6086,457,614,4,1447526228.673174
156,4622,457,613,4,1447526228.983870
1480,1481,458,612,4,1447526230.357647
716,1481,458,611,4,1447526230.682309
4578,3696,459,610,4,1447526230.998422
4201,3696,459,609,4,1447526231.302616
1477,5909,460,608,4,1447526232.679979
3447,1869,461,607,4,1447526233.004246
7313,1869,461,606,4,1447526233.326169
2559,3357,462,605,4,1447526233.643847
492,987,463,604,4,1447526235.035705
987,5801,463,603,4,1447526235.347208
1760,6734,464,602,4,1447526235.650087
6975,1328,465,601,4,1447526235.975611
6757,6975,465,600,4,1447526237.349136
6988,2904,466,599,4,1447526237.648498
5913,5914,467,598,4,1447526237.943122
2522,5913,467,597,4,1447526238.246099
6583,666,468,596,4,1447526239.619432
6531,666,468,595,4,1447526239.920511
2555,666,468,594,4,1447526240.249495
6799,5508,469,593,4,1447526240.563997
6799,5281,469,592,4,1447526241.964188
6583,2555,470,591,4,1447526242.290592
6531,6583,470,590,4,1447526242.614165
4203,3698,471,589,4,1447526242.916164
4203,6671,471,588,4,1447526243.271132
4209,5038,472,587,4,1447526244.663221
4209,5321,472,586,4,1447526244.978992
2472,5803,473,585,4,1447526245.289994
5803,5856,473,584,4,1447526245.595110
2750,5067,474,583,4,1447526246.964819
314,3966,475,582,4,1447526247.273783
314,3397,475,581,4,1447526247.594067
2284,2795,476,580,4,1447526247.907668
2284,4381,476,579,4,1447526249.300930
5000,1721,477,578,4,1447526249.638772
5000,5167,477,577,4,1447526249.942153
4390,2803,478,576,4,1447526250.276538
4389,2803,478,575,4,1447526251.674391
2290,3840,479,574,4,1447526251.985934
2289,2290,479,573,4,1447526252.314055
84,4250,480,572,4,1447526252.626054
4250,3510,480,571,4,1447526253.986291
6436,2415,481,570,4,1447526254.302456
6436,154,481,569,4,1447526254.594560
196,3281,482,568,4,1447526254.919828
196,3463,482,567,4,1447526256.313647
6166,6094,483,566,4,1447526256.626564
6166,3492,483,565,4,1447526256.956045
5169,5937,484,564,4,1447526257.268698
262,5937,484,563,4,1447526258.640810
7150,6095,485,562,4,1447526258.967004
695,6095,485,561,4,1447526259.307528
1741,5557,486,560,4,1447526259.618157
1741,1319,486,559,4,1447526259.938873
5324,3400,487,558,4,1447526261.389832
3400,3970,487,557,4,1447526261.691710
3507,3624,488,556,4,1447526261.995380
5389,5219,489,555,4,1447526262.326824
5389,5715,489,554,4,1447526263.706525
2587,1112,490,553,4,1447526264.011430
1111,1112,490,552,4,1447526264.331769
2418,1870,491,551,4,1447526264.638073
78,2427,492,550,4,1447526266.028978
2427,2751,492,549,4,1447526266.347457
511,5165,493,548,4,1447526266.662737
3337,3844,494,547,4,1447526266.971418
3337,4386,494,546,4,1447526268.350578
131,1861,495,545,4,1447526268.645030
1320,1861,495,544,4,1447526268.963093
1858,1861,495,543,4,1447526269.283534
3811,3279,496,542,4,1447526270.663660
5316,3279,496,541,4,1447526270.997899
6144,4817,497,540,4,1447526271.319215
6144,5130,497,539,4,1447526271.631673
1358,3443,498,538,4,1447526273.016773
2428,1358,498,537,4,1447526273.342419
2937,7270,499,536,4,1447526273.651511
2937,5391,499,535,4,1447526273.944897
4136,5718,500,534,4,1447526275.303770
361,3438,501,533,4,1447526275.613725
2476,3438,501,532,4,1447526275.937671
1767,1990,502,531,4,1447526276.234017
7263,1990,502,530,4,1447526276.553863
4983,4034,503,529,4,1447526277.909580
7026,4983,503,528,4,1447526278.211723
6674,1330,504,527,4,1447526278.524742
1330,3706,504,526,4,1447526278.844154
1331,4033,505,525,4,1447526280.266391
5217,1331,505,524,4,1447526280.579289
4249,3625,506,523,4,1447526280.905524
4249,2759,506,522,4,1447526281.219349
5850,3893,507,521,4,1447526282.597632
4863,3893,507,520,4,1447526282.906550
786,5986,508,519,4,1447526283.230043
6582,5986,508,518,4,1447526283.554149
2422,3899,509,517,4,1447526284.931530
7314,3899,509,516,4,1447526285.263966
2419,1361,510,515,4,1447526285.590078
371,1361,510,514,4,1447526285.901138
4224,5484,511,513,4,1447526287.285194
3193,5484,511,512,4,1447526287.620395
2414,1867,512,511,4,1447526287.923215
131,1858,513,510,4,1447526288.249576
1320,1858,513,509,4,1447526289.609647
4225,3556,514,508,4,1447526289.941981
6812,6876,515,507,4,1447526290.248212
6876,3557,515,506,4,1447526290.551493
5941,6876,515,505,4,1447526291.943607
2102,2103,516,504,3,1447526292.251701
2102,3392,516,503,3,1447526292.573945
372,6938,517,502,3,1447526292.859685
6938,1871,517,501,3,1447526293.171512
6664,3694,518,500,3,1447526294.541227
6664,6677,518,499,3,1447526294.838047
5383,3693,519,498,3,1447526295.143801
1014,5383,519,497,3,1447526295.474501
978,5437,520,496,3,1447526296.848361
978,1355,520,495,3,1447526297.151957
4385,2173,521,494,3,1447526297.480307
5273,5384,522,493,3,1447526297.777638
4200,5384,522,492,3,1447526299.146508
4582,3697,523,491,3,1447526299.442054
4202,4582,523,490,3,1447526299.730346
1114,1113,524,489,3,1447526300.023968
1114,3449,524,488,3,1447526301.404548
1312,2172,525,487,3,1447526301.735685
2109,1312,525,486,3,1447526302.044232
124,3057,526,485,3,1447526302.367768
3057,5483,526,484,3,1447526303.739654
6169,260,527,483,3,1447526304.042550
6165,260,527,482,3,1447526304.374882
3817,5749,528,481,3,1447526304.690564
132,942,529,480,3,1447526306.075148
942,1353,529,479,3,1447526306.386700
2171,6854,530,478,3,1447526306.692388
2171,2285,530,477,3,1447526306.998102
2593,1679,531,476,3,1447526308.400425
642,1679,531,475,3,1447526308.707232
5217,4033,532,474,3,1447526309.010978
257,6087,533,473,3,1447526309.326145
257,3047,533,472,3,1447526309.651318
2798,7267,534,471,3,1447526311.025517
3459,7267,534,470,3,1447526311.328119
1659,1661,535,469,3,1447526311.643114
4133,3095,536,468,3,1447526311.941685
4135,3095,536,467,3,1447526313.344740
3398,5619,537,466,3,1447526313.681628
2282,3398,537,465,3,1447526313.988534
370,2903,538,464,3,1447526314.303876
4389,4390,539,463,3,1447526315.660015
254,4982,540,462,3,1447526315.945266
254,376,540,461,3,1447526316.277766
5713,1759,541,460,3,1447526316.615294
5713,6088,541,459,3,1447526317.977411
5857,1989,542,458,3,1447526318.281089
3209,3627,543,457,3,1447526318.584089
3627,3969,543,456,3,1447526318.893541
1162,5620,544,455,3,1447526320.253443
2105,2166,545,454,3,1447526320.580667
2105,2106,545,453,3,1447526320.896652
2179,4388,546,452,3,1447526321.202666
3704,4032,547,451,3,1447526322.570252
1082,1280,548,450,3,1447526322.881795
4443,1082,548,449,3,1447526323.193844
6666,3289,549,448,3,1447526323.509135
6757,1328,550,447,3,1447526324.875347
4583,5211,551,446,3,1447526325.178111
5211,5212,551,445,3,1447526325.513660
3326,1826,552,444,3,1447526325.812932
2167,1826,552,443,3,1447526326.126326
6582,786,553,442,3,1447526327.528581
6732,5936,554,441,3,1447526327.821275
5557,1319,555,440,3,1447526328.142637
2292,3432,556,439,3,1447526328.467916
7308,3432,556,438,3,1447526329.856056
2587,1111,557,437,3,1447526330.167691
1770,3967,558,436,3,1447526330.486002
4251,3967,558,435,3,1447526330.810880
5325,3628,559,434,3,1447526332.179926
6525,6527,560,433,3,1447526332.497224
4442,5435,561,432,3,1447526332.788129
4442,5907,561,431,3,1447526333.078809
7307,1860,562,430,3,1447526334.426838
5621,1860,562,429,3,1447526334.744682
5162,4624,563,428,3,1447526335.046350
258,5162,563,427,3,1447526335.377668
3276,2291,564,426,3,1447526336.756989
3276,2174,564,425,3,1447526337.050195
2413,2474,565,424,3,1447526337.361652
4386,3844,566,423,3,1447526337.674568
3329,1313,567,422,3,1447526339.027631
1313,3395,567,421,3,1447526339.364201
2328,3871,568,420,3,1447526339.685146
2327,2328,568,419,3,1447526339.990027
6739,1763,569,418,3,1447526341.378037
6739,6606,569,417,3,1447526341.697071
5436,3685,570,416,3,1447526342.008405
263,2659,571,415,3,1447526342.317470
1762,2659,571,414,3,1447526342.648138
6669,3212,572,413,3,1447526344.009907
6668,3212,572,412,3,1447526344.316924
7257,2411,573,411,3,1447526344.620304
2411,664,573,410,3,1447526344.914343
4204,5276,574,409,3,1447526346.291694
4204,5035,574,408,3,1447526346.608791
142,5171,575,407,3,1447526346.920205
142,5939,575,406,3,1447526347.227503
4628,5940,576,405,3,1447526348.588036
3394,1825,577,404,3,1447526348.887457
5445,1825,577,403,3,1447526349.175238
6581,7205,578,402,3,1447526349.498500
136,7205,578,401,3,1447526350.852750
2753,3277,579,400,3,1447526351.142416
2471,7254,580,399,3,1447526351.434362
2471,2530,580,398,3,1447526351.726444
6164,5168,581,397,3,1447526353.101022
2420,2480,582,396,3,1447526353.416973
302,2480,582,395,3,1447526353.722228
5922,1766,583,394,3,1447526354.024500
5922,1991,583,393,3,1447526355.388036
264,1388,584,392,3,1447526355.699246
264,1968,584,391,3,1447526356.013905
1768,5910,585,390,3,1447526356.320087
6668,6669,586,389,3,1447526357.699155
3046,1824,587,388,3,1447526358.001376
1708,1824,587,387,3,1447526358.312910
6526,5131,588,386,3,1447526358.628404
5131,5822,588,385,3,1447526358.921974
3161,3509,589,384,3,1447526360.300649
4308,3695,590,383,3,1447526360.599545
3099,3695,590,382,3,1447526360.915192
2421,3439,591,381,3,1447526361.240595
2799,3333,592,380,3,1447526362.627570
1657,5827,593,379,3,1447526362.922958
1081,5827,593,378,3,1447526363.251236
696,5170,594,377,3,1447526363.572317
696,2986,594,376,3,1447526364.943844
3157,3158,595,375,3,1447526365.262211
2755,3157,595,374,3,1447526365.565073
4137,4213,596,373,3,1447526365.887026
4381,2795,597,372,3,1447526367.244865
3155,3503,598,371,3,1447526367.568912
3501,3503,598,370,3,1447526367.876831
2416,7310,599,369,3,1447526368.181180
3814,5317,600,368,3,1447526369.557620
6188,3646,601,367,3,1447526369.878189
2764,3646,601,366,3,1447526370.175497
301,3325,602,365,3,1447526370.502840
2792,3325,602,364,3,1447526371.864633
5806,5859,603,363,3,1447526372.187765
2107,1311,604,362,3,1447526372.507016
716,1480,605,361,3,1447526372.814111
7251,1992,606,360,3,1447526374.175248
497,1992,606,359,3,1447526374.490566
215,3396,607,358,3,1447526374.792070
4252,3396,607,357,3,1447526375.097411
4819,5532,608,356,3,1447526375.409549
2522,5914,609,355,3,1447526376.780355
5167,1721,610,354,3,1447526377.085834
3461,3460,611,353,3,1447526377.386745
4817,5130,612,352,3,1447526377.687310
6673,669,613,351,3,1447526379.057041
6673,1329,613,350,3,1447526379.378883
3179,3872,614,349,3,1447526379.715773
2329,3872,614,348,3,1447526380.010521
298,2479,615,347,3,1447526381.403911
298,7311,615,346,3,1447526381.707058
6606,1763,616,345,3,1447526382.017065
4306,4307,617,344,3,1447526382.341195
54,3494,618,343,3,1447526383.700987
3104,4579,619,342,3,1447526384.002085
362,365,620,341,3,1447526384.295560
1388,1968,621,340,3,1447526384.592557
482,6903,622,339,3,1447526385.953729
977,3434,623,338,3,1447526386.267280
6674,3706,624,337,3,1447526386.580638
2660,6800,625,336,3,1447526386.878159
6972,5830,626,335,3,1447526388.269470
6972,3093,626,334,3,1447526388.583512
134,2212,627,333,3,1447526388.890383
2212,6529,627,332,3,1447526389.187202
669,1329,628,331,3,1447526390.559425
5321,5038,629,330,3,1447526390.869533
2529,986,630,329,3,1447526391.170118
7262,5999,631,328,3,1447526391.475605
2532,5999,631,327,3,1447526391.777068
2213,3334,632,326,3,1447526393.133023
492,5801,633,325,3,1447526393.435134
5221,5393,634,324,3,1447526393.755125
6493,6495,635,323,3,1447526394.048392
2801,2177,636,322,3,1447526395.460453
2176,2177,636,321,3,1447526395.750473
3492,6094,637,320,3,1447526396.061736
4207,5386,638,319,3,1447526396.362012
4207,5220,638,318,3,1447526397.724159
5320,3284,639,317,3,1447526398.013274
6528,1324,640,316,3,1447526398.317898
6524,1324,640,315,3,1447526398.608849
2417,3445,641,314,3,1447526399.974520
1360,3445,641,313,3,1447526400.279724
7307,5621,642,312,3,1447526400.593547
4734,6093,643,311,3,1447526400.893252
4785,4734,643,310,3,1447526402.261822
3459,2798,644,309,3,1447526402.546426
5804,1717,645,308,3,1447526402.846978
7306,5804,645,307,3,1447526403.144488
3842,3335,646,306,3,1447526404.505844
3504,3842,646,305,3,1447526404.819033
296,3437,647,304,3,1447526405.113833
3437,3440,647,303,3,1447526405.394982
85,3707,648,302,3,1447526406.756735
85,5037,648,301,3,1447526407.052263
3281,3463,649,300,3,1447526407.337265
2794,3399,650,299,3,1447526407.639592
3399,6107,650,298,3,1447526407.944965
4205,5209,651,297,3,1447526409.320396
81,7264,652,296,3,1447526409.632342
81,5440,652,295,3,1447526409.945896
7203,1857,653,294,3,1447526410.235367
6797,1857,653,293,3,1447526411.594106
451,3816,654,292,3,1447526411.888631
3815,3816,654,291,3,1447526412.202026
4210,5712,655,290,3,1447526412.515758
638,639,656,289,3,1447526413.891670
639,640,656,288,3,1447526414.214499
1478,5912,657,287,3,1447526414.517210
4556,4950,658,286,3,1447526414.825312
1484,5800,659,285,3,1447526416.196089
4198,6665,660,284,3,1447526416.486644
2755,3158,661,283,3,1447526416.777717
2106,2166,662,282,3,1447526417.098385
7129,3305,663,281,3,1447526418.488198
671,3305,663,280,3,1447526418.802988
86,4584,664,279,3,1447526419.102144
3156,3505,665,278,3,1447526419.408860
4984,5716,666,277,3,1447526420.748996
217,4984,666,276,3,1447526421.039273
266,6760,667,275,3,1447526421.363875
266,2326,667,274,3,1447526421.646595
2109,2172,668,273,3,1447526423.007285
2558,1487,669,272,3,1447526423.309574
5855,2558,669,271,3,1447526423.606679
82,1476,670,270,3,1447526423.899533
1476,1984,670,269,3,1447526424.190918
1987,5918,671,268,3,1447526425.553940
4625,1503,672,267,3,1447526425.840271
4625,3359,672,266,3,1447526426.128504
3329,3395,673,265,3,1447526426.435676
141,3208,674,264,3,1447526427.812537
141,1102,674,263,3,1447526428.107120
301,2792,675,262,3,1447526428.403338
372,1871,676,261,3,1447526428.708457
2111,2112,677,260,3,1447526430.081557
6676,4731,678,259,3,1447526430.387924
4206,4031,679,258,3,1447526430.687274
5277,4031,679,257,3,1447526430.987194
3097,7268,680,256,3,1447526432.353005
4305,7268,680,255,3,1447526432.636331
3397,3966,681,254,3,1447526432.934143
82,1984,682,253,3,1447526433.239239
3332,3402,683,252,3,1447526434.613648
3331,3402,683,251,3,1447526434.909093
6667,4577,684,250,3,1447526435.218903
2113,3403,685,249,3,1447526435.512114
2327,3871,686,248,3,1447526436.877431
2470,7305,687,247,3,1447526437.165245
4202,3697,688,246,3,1447526437.460454
124,5483,689,245,3,1447526437.754245
1276,5559,690,244,3,1447526439.131836
5035,5276,691,243,3,1447526439.420514
2986,5170,692,242,3,1447526439.716505
2283,3328,693,241,3,1447526440.023813
3502,1743,694,240,3,1447526440.388849
4304,1743,694,239,3,1447526441.803394
5041,5392,695,238,3,1447526442.102486
5041,5717,695,237,3,1447526442.408721
4253,3098,696,236,3,1447526442.703749
3098,3285,696,235,3,1447526444.084579
7202,7204,697,234,3,1447526444.386580
4206,5277,698,233,3,1447526444.674769
485,6403,699,232,3,1447526444.975319
7254,2530,700,231,3,1447526446.351114
2749,3090,701,230,3,1447526446.634504
4212,3702,702,229,3,1447526446.922844
3096,3623,703,228,3,1447526447.210567
3096,2757,703,227,3,1447526448.584507
5166,3315,704,226,3,1447526448.890073
3315,6089,704,225,3,1447526449.175544
2104,1709,705,224,3,1447526449.474170
2472,5856,706,223,3,1447526450.821330
6712,4154,707,222,3,1447526451.104183
6498,6733,708,221,3,1447526451.414678
4251,1770,709,220,3,1447526451.695399
368,367,710,219,3,1447526453.053491
7206,1740,711,218,3,1447526453.371588
7222,3393,712,217,3,1447526453.672206
7269,3330,713,216,3,1447526453.988329
6213,4029,714,215,3,1447526455.352329
5216,5275,715,214,3,1447526455.652519
5216,3699,715,213,3,1447526455.942573
497,7251,716,212,3,1447526456.238913
3506,6627,717,211,3,1447526456.537801
6974,5280,718,210,3,1447526457.922190
5279,5280,718,209,3,1447526458.214306
2528,985,719,208,3,1447526458.522263
5435,5907,720,207,3,1447526458.833056
483,5854,721,206,3,1447526460.222919
5281,5508,722,205,3,1447526460.516140
5798,1986,723,204,3,1447526460.811409
5219,5715,724,203,3,1447526461.114823
361,2476,725,202,3,1447526462.472366
2285,6854,726,201,3,1447526462.748612
2586,3338,727,200,3,1447526463.041451
364,1117,728,199,3,1447526463.349269
1062,449,729,198,3,1447526464.708979
262,5169,730,197,3,1447526465.007941
5042,1118,731,196,3,1447526465.320329
4214,1118,731,195,3,1447526465.624479
4559,976,732,194,3,1447526466.993285
5834,4220,733,193,3,1447526467.305651
3159,3282,734,192,3,1447526467.607951
3162,3282,734,191,3,1447526467.879023
5388,3700,735,190,3,1447526469.257255
1502,3700,735,189,3,1447526469.554412
5218,6675,736,188,3,1447526469.858624
2419,371,737,187,3,1447526470.158089
3159,3162,738,186,3,1447526470.462179
5171,5939,739,185,3,1447526471.827085
3209,3969,740,184,3,1447526472.127011
1014,3693,741,183,3,1447526472.433327
80,3647,742,182,3,1447526472.720874
4196,3972,743,181,3,1447526474.066257
495,5921,744,180,3,1447526474.378576
5858,5911,745,179,3,1447526474.681509
4623,5163,746,178,3,1447526474.962019
2525,1485,747,177,3,1447526476.352034
3630,3971,748,176,3,1447526476.660753
83,1116,749,175,3,1447526476.951240
83,7265,749,174,3,1447526477.244315
2178,3845,750,173,3,1447526478.608253
2532,7262,751,172,3,1447526478.877922
3100,3288,752,171,3,1447526479.198164
3213,3288,752,170,3,1447526479.509957
4200,5273,753,169,3,1447526480.897777
5220,5386,754,168,3,1447526481.196680
7255,5707,755,167,3,1447526481.519258
7255,1862,755,166,3,1447526481.812402
5941,6812,756,165,3,1447526483.168397
6812,3557,756,164,3,1447526483.461726
5437,1355,757,163,3,1447526483.748983
7309,486,758,162,3,1447526484.041465
2286,7201,759,161,3,1447526485.401882
5388,1502,760,160,3,1447526485.703156
3044,3043,761,159,3,1447526485.994507
4382,3091,762,158,3,1447526486.301595
4785,6093,763,157,3,1447526487.648279
3359,1503,764,156,3,1447526487.941591
258,4624,765,155,3,1447526488.248286
4387,3846,766,154,3,1447526488.544720
2282,5619,767,153,3,1447526488.850792
1081,1657,768,152,3,1447526490.192411
5855,1487,769,151,3,1447526490.491591
131,1320,770,150,3,1447526490.777115
3093,5830,771,149,3,1447526491.068459
1354,3843,772,148,3,1447526492.425185
3101,3462,773,147,3,1447526492.721639
3287,3462,773,146,3,1447526493.014933
7264,5440,774,145,3,1447526493.339407
132,1353,775,144,3,1447526494.689796
4201,4578,776,143,3,1447526494.988954
2334,4221,777,142,3,1447526495.301071
5392,5717,778,141,3,1447526495.597127
493,1988,779,140,3,1447526496.955821
4308,3099,780,139,3,1447526497.240307
7220,1498,781,138,3,1447526497.535081
638,640,782,137,3,1447526497.838731
531,1149,783,136,3,1447526499.193874
1682,5797,784,135,3,1447526499.503576
2757,3623,785,134,3,1447526499.811589
7313,3447,786,133,3,1447526500.129126
4104,5342,787,132,3,1447526501.527154
490,1486,788,131,3,1447526501.827095
3407,3847,789,130,3,1447526502.127352
488,5799,790,129,3,1447526502.416048
3092,3812,791,128,3,1447526502.708268
3811,5316,792,127,3,1447526504.058421
4443,1280,793,126,3,1447526504.364841
3442,1359,794,125,3,1447526504.661674
1868,1359,794,124,3,1447526504.965424
4208,5278,795,123,3,1447526506.347767
7257,664,796,122,3,1447526506.636511
5037,3707,797,121,3,1447526506.925566
7306,1717,798,120,3,1447526507.206866
6163,694,799,119,3,1447526508.571935
4557,1150,800,118,3,1447526508.861935
4211,2240,801,117,3,1447526509.153095
3504,3335,802,116,3,1447526509.452686
2593,642,803,115,3,1447526510.806103
259,6735,804,114,3,1447526511.096335
7221,5908,805,113,3,1447526511.402878
1766,1991,806,112,3,1447526511.706826
78,2751,807,111,3,1447526513.065327
484,979,808,110,3,1447526513.378382
6165,6169,809,109,3,1447526513.669649
5324,3970,810,108,3,1447526513.955630
2475,1864,811,107,3,1447526515.305831
2289,3840,812,106,3,1447526515.605937
2059,5558,813,105,3,1447526515.927349
2058,2059,813,104,3,1447526516.227099
2408,7252,814,103,3,1447526517.598459
6259,7266,815,102,3,1447526517.880598
2422,7314,816,101,3,1447526518.164717
2103,3392,817,100,3,1447526518.457044
2794,6107,818,99,3,1447526518.766151
2326,6760,819,98,3,1447526520.125878
4583,5212,820,97,3,1447526520.438256
376,4982,821,96,3,1447526520.730850
1983,5438,822,95,3,1447526521.030071
6531,2555,823,94,3,1447526522.415937
303,3898,824,93,3,1447526522.700395
7026,4034,825,92,3,1447526522.990530
6188,2764,826,91,3,1447526523.323314
1708,3046,827,90,3,1447526524.673143
4224,3193,828,89,3,1447526524.965351
671,7129,829,88,3,1447526525.257453
2174,2291,830,87,3,1447526525.551847
451,3815,831,86,3,1447526526.905995
296,3440,832,85,3,1447526527.228234
3331,3332,833,84,3,1447526527.517968
2415,154,834,83,3,1447526527.838855
1318,1742,835,82,3,1447526529.197268
4248,3283,836,81,3,1447526529.503769
37,4248,836,80,3,1447526529.794741
2292,7308,837,79,3,1447526530.095532
494,1488,838,78,3,1447526531.470905
79,6434,839,77,3,1447526531.757605
3436,7207,840,76,3,1447526532.073949
7177,3094,841,75,3,1447526532.373464
4253,3285,842,74,3,1447526533.739009
5275,3699,843,73,3,1447526534.026720
481,5381,844,72,3,1447526534.324055
695,7150,845,71,3,1447526534.603396
373,1823,846,70,3,1447526534.901505
5385,4030,847,69,3,1447526536.291117
3394,5445,848,68,3,1447526536.568722
7270,5391,849,67,3,1447526536.876754
4383,4384,850,66,3,1447526537.166024
6663,611,851,65,3,1447526538.525953
4576,611,851,64,3,1447526538.800103
2167,3326,852,63,2,1447526539.104652
1759,6088,853,62,2,1447526539.396661
84,3510,854,61,2,1447526540.742000
941,1315,855,60,2,1447526541.051845
215,4252,856,59,2,1447526541.353262
4133,4135,857,58,2,1447526541.652937
5215,6672,858,57,2,1447526543.019291
1113,3449,859,56,2,1447526543.309524
4863,5850,860,55,2,1447526543.585188
2287,299,861,54,2,1447526543.888790
4214,5042,862,53,2,1447526545.244620
6974,5279,863,52,2,1447526545.527481
3155,3501,864,51,2,1447526545.818336
3100,3213,865,50,2,1447526546.108832
4304,3502,866,49,2,1447526547.450949
2417,1360,867,48,2,1447526547.742176
1120,3464,868,47,2,1447526548.039853
7253,2797,869,46,2,1447526548.349688
263,1762,870,45,2,1447526549.685339
6711,6713,871,44,2,1447526549.968690
366,3441,872,43,2,1447526550.250891
2211,4153,873,42,2,1447526550.540489
3280,3813,874,41,2,1447526550.842152
7263,1767,875,40,2,1447526552.198394
6797,7203,876,39,2,1447526552.498774
2801,2176,877,38,2,1447526552.812343
6987,3401,878,37,2,1447526553.124627
3103,3215,879,36,2,1447526554.496713
6532,442,880,35,2,1447526554.792063
3101,3287,881,34,2,1447526555.094754
2114,1859,882,33,2,1447526555.397529
4305,3097,883,32,2,1447526556.775759
3694,6677,884,31,2,1447526557.061957
6524,6528,885,30,2,1447526557.370385
302,2420,886,29,2,1447526557.650745
2058,5558,887,28,2,1447526559.005580
2293,2802,888,27,2,1447526559.306952
2479,7311,889,26,2,1447526559.599170
2428,3443,890,25,2,1447526559.890878
3208,1102,891,24,2,1447526561.237558
4627,6738,892,23,2,1447526561.559674
2329,3179,893,22,2,1447526561.856378
7256,1863,894,21,2,1447526562.146790
3698,6671,895,20,2,1447526563.509181
3041,1357,896,19,2,1447526563.798756
134,6529,897,18,2,1447526564.086361
136,6581,898,17,2,1447526564.390810
6087,3047,899,16,2,1447526565.764277
4576,6663,900,15,2,1447526566.064026
37,3283,901,14,2,1447526566.371656
3102,3211,902,13,2,1447526566.655341
1868,3442,903,12,2,1447526566.950608
1116,7265,904,11,2,1447526568.308643
5941,3557,905,10,2,1447526568.623900
217,5716,906,9,2,1447526568.921158
6526,5822,907,8,2,1447526569.198814
6162,1119,908,7,2,1447526570.555860
5166,6089,909,6,2,1447526570.835381
1449,1715,910,5,2,1447526571.111088
3435,1356,911,4,2,1447526571.407997
156,6086,912,3,2,1447526572.768818
5707,1862,913,2,2,1447526573.068612
2759,3625,914,1,2,1447526573.377214
